This is XeTeX, Version 3.141592653-2.6-0.999996 (TeX Live 2024) (preloaded format=xelatex 2024.9.22)  4 APR 2026 11:05
entering extended mode
 restricted \write18 enabled.
 file:line:error style messages enabled.
 %&-line parsing enabled.
**main.tex
(./main.tex
LaTeX2e <2023-11-01> patch level 1
L3 programming layer <2024-02-20>
(/usr/local/texlive/2024/texmf-dist/tex/latex/base/article.cls
Document Class: article 2023/05/17 v1.4n Standard LaTeX document class
(/usr/local/texlive/2024/texmf-dist/tex/latex/base/size10.clo
File: size10.clo 2023/05/17 v1.4n Standard LaTeX file (size option)
)
\c@part=\count184
\c@section=\count185
\c@subsection=\count186
\c@subsubsection=\count187
\c@paragraph=\count188
\c@subparagraph=\count189
\c@figure=\count190
\c@table=\count191
\abovecaptionskip=\skip48
\belowcaptionskip=\skip49
\bibindent=\dimen140
) (/usr/local/texlive/2024/texmf-dist/tex/latex/graphics/graphicx.sty
Package: graphicx 2021/09/16 v1.2d Enhanced LaTeX Graphics (DPC,SPQR)
 (/usr/local/texlive/2024/texmf-dist/tex/latex/graphics/keyval.sty
Package: keyval 2022/05/29 v1.15 key=value parser (DPC)
\KV@toks@=\toks17
) (/usr/local/texlive/2024/texmf-dist/tex/latex/graphics/graphics.sty
Package: graphics 2022/03/10 v1.4e Standard LaTeX Graphics (DPC,SPQR)
 (/usr/local/texlive/2024/texmf-dist/tex/latex/graphics/trig.sty
Package: trig 2021/08/11 v1.11 sin cos tan (DPC)
) (/usr/local/texlive/2024/texmf-dist/tex/latex/graphics-cfg/graphics.cfg
File: graphics.cfg 2016/06/04 v1.11 sample graphics configuration
)
Package graphics Info: Driver file: xetex.def on input line 107.
 (/usr/local/texlive/2024/texmf-dist/tex/latex/graphics-def/xetex.def
File: xetex.def 2022/09/22 v5.0n Graphics/color driver for xetex
))
\Gin@req@height=\dimen141
\Gin@req@width=\dimen142
) (/usr/local/texlive/2024/texmf-dist/tex/latex/biblatex/biblatex.sty
Package: biblatex 2023/03/05 v3.19 programmable bibliographies (PK/MW)
 (/usr/local/texlive/2024/texmf-dist/tex/generic/pdftexcmds/pdftexcmds.sty
Package: pdftexcmds 2020-06-27 v0.33 Utility functions of pdfTeX for LuaTeX (HO)
 (/usr/local/texlive/2024/texmf-dist/tex/generic/infwarerr/infwarerr.sty
Package: infwarerr 2019/12/03 v1.5 Providing info/warning/error messages (HO)
) (/usr/local/texlive/2024/texmf-dist/tex/generic/iftex/iftex.sty
Package: iftex 2022/02/03 v1.0f TeX engine tests
) (/usr/local/texlive/2024/texmf-dist/tex/generic/ltxcmds/ltxcmds.sty
Package: ltxcmds 2023-12-04 v1.26 LaTeX kernel commands for general use (HO)
)
Package pdftexcmds Info: \pdf@primitive is available.
Package pdftexcmds Info: \pdf@ifprimitive is available.
Package pdftexcmds Info: \pdfdraftmode not found.
) (/usr/local/texlive/2024/texmf-dist/tex/latex/etoolbox/etoolbox.sty
Package: etoolbox 2020/10/05 v2.5k e-TeX tools for LaTeX (JAW)
\etb@tempcnta=\count192
) (/usr/local/texlive/2024/texmf-dist/tex/latex/kvoptions/kvoptions.sty
Package: kvoptions 2022-06-15 v3.15 Key value format for package options (HO)
 (/usr/local/texlive/2024/texmf-dist/tex/latex/kvsetkeys/kvsetkeys.sty
Package: kvsetkeys 2022-10-05 v1.19 Key value parser (HO)
)) (/usr/local/texlive/2024/texmf-dist/tex/latex/logreq/logreq.sty
Package: logreq 2010/08/04 v1.0 xml request logger
\lrq@indent=\count193
 (/usr/local/texlive/2024/texmf-dist/tex/latex/logreq/logreq.def
File: logreq.def 2010/08/04 v1.0 logreq spec v1.0
)) (/usr/local/texlive/2024/texmf-dist/tex/latex/base/ifthen.sty
Package: ifthen 2022/04/13 v1.1d Standard LaTeX ifthen package (DPC)
) (/usr/local/texlive/2024/texmf-dist/tex/latex/url/url.sty
\Urlmuskip=\muskip16
Package: url 2013/09/16  ver 3.4  Verb mode for urls, etc.
)
\c@tabx@nest=\count194
\c@listtotal=\count195
\c@listcount=\count196
\c@liststart=\count197
\c@liststop=\count198
\c@citecount=\count199
\c@citetotal=\count266
\c@multicitecount=\count267
\c@multicitetotal=\count268
\c@instcount=\count269
\c@maxnames=\count270
\c@minnames=\count271
\c@maxitems=\count272
\c@minitems=\count273
\c@citecounter=\count274
\c@maxcitecounter=\count275
\c@savedcitecounter=\count276
\c@uniquelist=\count277
\c@uniquename=\count278
\c@refsection=\count279
\c@refsegment=\count280
\c@maxextratitle=\count281
\c@maxextratitleyear=\count282
\c@maxextraname=\count283
\c@maxextradate=\count284
\c@maxextraalpha=\count285
\c@abbrvpenalty=\count286
\c@highnamepenalty=\count287
\c@lownamepenalty=\count288
\c@maxparens=\count289
\c@parenlevel=\count290
\blx@tempcnta=\count291
\blx@tempcntb=\count292
\blx@tempcntc=\count293
\c@blx@maxsection=\count294
\blx@maxsegment@0=\count295
\blx@notetype=\count296
\blx@parenlevel@text=\count297
\blx@parenlevel@foot=\count298
\blx@sectionciteorder@0=\count299
\blx@sectionciteorderinternal@0=\count300
\blx@entrysetcounter=\count301
\blx@biblioinstance=\count302
\labelnumberwidth=\skip50
\labelalphawidth=\skip51
\biblabelsep=\skip52
\bibitemsep=\skip53
\bibnamesep=\skip54
\bibinitsep=\skip55
\bibparsep=\skip56
\bibhang=\skip57
\blx@bcfin=\read2
\blx@bcfout=\write3
\blx@langwohyphens=\language89
\c@mincomprange=\count303
\c@maxcomprange=\count304
\c@mincompwidth=\count305
Package biblatex Info: Trying to load biblatex default data model...
Package biblatex Info: ... file 'blx-dm.def' found.
 (/usr/local/texlive/2024/texmf-dist/tex/latex/biblatex/blx-dm.def
File: blx-dm.def 2023/03/05 v3.19 biblatex localization (PK/MW)
)
Package biblatex Info: Trying to load biblatex style data model...
Package biblatex Info: ... file 'authoryear.dbx' not found.
Package biblatex Info: Trying to load biblatex custom data model...
Package biblatex Info: ... file 'biblatex-dm.cfg' not found.
\c@afterword=\count306
\c@savedafterword=\count307
\c@annotator=\count308
\c@savedannotator=\count309
\c@author=\count310
\c@savedauthor=\count311
\c@bookauthor=\count312
\c@savedbookauthor=\count313
\c@commentator=\count314
\c@savedcommentator=\count315
\c@editor=\count316
\c@savededitor=\count317
\c@editora=\count318
\c@savededitora=\count319
\c@editorb=\count320
\c@savededitorb=\count321
\c@editorc=\count322
\c@savededitorc=\count323
\c@foreword=\count324
\c@savedforeword=\count325
\c@holder=\count326
\c@savedholder=\count327
\c@introduction=\count328
\c@savedintroduction=\count329
\c@namea=\count330
\c@savednamea=\count331
\c@nameb=\count332
\c@savednameb=\count333
\c@namec=\count334
\c@savednamec=\count335
\c@translator=\count336
\c@savedtranslator=\count337
\c@shortauthor=\count338
\c@savedshortauthor=\count339
\c@shorteditor=\count340
\c@savedshorteditor=\count341
\c@labelname=\count342
\c@savedlabelname=\count343
\c@institution=\count344
\c@savedinstitution=\count345
\c@lista=\count346
\c@savedlista=\count347
\c@listb=\count348
\c@savedlistb=\count349
\c@listc=\count350
\c@savedlistc=\count351
\c@listd=\count352
\c@savedlistd=\count353
\c@liste=\count354
\c@savedliste=\count355
\c@listf=\count356
\c@savedlistf=\count357
\c@location=\count358
\c@savedlocation=\count359
\c@organization=\count360
\c@savedorganization=\count361
\c@origlocation=\count362
\c@savedoriglocation=\count363
\c@origpublisher=\count364
\c@savedorigpublisher=\count365
\c@publisher=\count366
\c@savedpublisher=\count367
\c@language=\count368
\c@savedlanguage=\count369
\c@origlanguage=\count370
\c@savedoriglanguage=\count371
\c@pageref=\count372
\c@savedpageref=\count373
\shorthandwidth=\skip58
\shortjournalwidth=\skip59
\shortserieswidth=\skip60
\shorttitlewidth=\skip61
\shortauthorwidth=\skip62
\shorteditorwidth=\skip63
\locallabelnumberwidth=\skip64
\locallabelalphawidth=\skip65
\localshorthandwidth=\skip66
\localshortjournalwidth=\skip67
\localshortserieswidth=\skip68
\localshorttitlewidth=\skip69
\localshortauthorwidth=\skip70
\localshorteditorwidth=\skip71
Package biblatex Info: Trying to load enhanced support for Unicode engines...
Package biblatex Info: ... file 'blx-unicode.def' found.
 (/usr/local/texlive/2024/texmf-dist/tex/latex/biblatex/blx-unicode.def)
Package biblatex Info: Trying to load compatibility code...
Package biblatex Info: ... file 'blx-compat.def' found.
 (/usr/local/texlive/2024/texmf-dist/tex/latex/biblatex/blx-compat.def
File: blx-compat.def 2023/03/05 v3.19 biblatex compatibility (PK/MW)
)
Package biblatex Info: Trying to load generic definitions...
Package biblatex Info: ... file 'biblatex.def' found.
 (/usr/local/texlive/2024/texmf-dist/tex/latex/biblatex/biblatex.def
File: biblatex.def 2023/03/05 v3.19 biblatex compatibility (PK/MW)
\c@textcitecount=\count374
\c@textcitetotal=\count375
\c@textcitemaxnames=\count376
\c@biburlbigbreakpenalty=\count377
\c@biburlbreakpenalty=\count378
\c@biburlnumpenalty=\count379
\c@biburlucpenalty=\count380
\c@biburllcpenalty=\count381
\biburlbigskip=\muskip17
\biburlnumskip=\muskip18
\biburlucskip=\muskip19
\biburllcskip=\muskip20
\c@smartand=\count382
)
Package biblatex Info: Trying to load bibliography style 'authoryear'...
Package biblatex Info: ... file 'authoryear.bbx' found.
 (/usr/local/texlive/2024/texmf-dist/tex/latex/biblatex/bbx/authoryear.bbx
File: authoryear.bbx 2023/03/05 v3.19 biblatex bibliography style (PK/MW)
Package biblatex Info: Trying to load bibliography style 'standard'...
Package biblatex Info: ... file 'standard.bbx' found.
 (/usr/local/texlive/2024/texmf-dist/tex/latex/biblatex/bbx/standard.bbx
File: standard.bbx 2023/03/05 v3.19 biblatex bibliography style (PK/MW)
\c@bbx:relatedcount=\count383
\c@bbx:relatedtotal=\count384
))
Package biblatex Info: Trying to load citation style 'authoryear'...
Package biblatex Info: ... file 'authoryear.cbx' found.
 (/usr/local/texlive/2024/texmf-dist/tex/latex/biblatex/cbx/authoryear.cbx
File: authoryear.cbx 2023/03/05 v3.19 biblatex citation style (PK/MW)
Package biblatex Info: Redefining '\cite'.
Package biblatex Info: Redefining '\parencite'.
Package biblatex Info: Redefining '\footcite'.
Package biblatex Info: Redefining '\footcitetext'.
Package biblatex Info: Redefining '\smartcite'.
Package biblatex Info: Redefining '\textcite'.
Package biblatex Info: Redefining '\textcites'.
)
Package biblatex Info: Trying to load configuration file...
Package biblatex Info: ... file 'biblatex.cfg' found.
 (/usr/local/texlive/2024/texmf-dist/tex/latex/biblatex/biblatex.cfg
File: biblatex.cfg 
)
Package biblatex Info: XeTeX detected.
(biblatex)             Assuming input encoding 'utf8'.
Package biblatex Info: Document encoding is UTF8 ....
 (/usr/local/texlive/2024/texmf-dist/tex/latex/l3kernel/expl3.sty
Package: expl3 2024-02-20 L3 programming layer (loader) 
 (/usr/local/texlive/2024/texmf-dist/tex/latex/l3backend/l3backend-xetex.def
File: l3backend-xetex.def 2024-02-20 L3 backend support: XeTeX
\g__graphics_track_int=\count385
\l__pdf_internal_box=\box51
\g__pdf_backend_object_int=\count386
\g__pdf_backend_annotation_int=\count387
\g__pdf_backend_link_int=\count388
))
Package biblatex Info: ... and expl3
(biblatex)             2024-02-20 L3 programming layer (loader) 
(biblatex)             is new enough (at least 2020/04/06),
(biblatex)             setting 'casechanger=expl3'.

(/usr/local/texlive/2024/texmf-dist/tex/latex/biblatex/blx-case-expl3.sty (/usr/local/texlive/2024/texmf-dist/tex/latex/l3packages/xparse/xparse.sty
Package: xparse 2024-02-18 L3 Experimental document command parser
)
Package: blx-case-expl3 2023/03/05 v3.19 expl3 case changing code for biblatex
)) (./hw.sty (/usr/local/texlive/2024/texmf-dist/tex/latex/amsmath/amsmath.sty
Package: amsmath 2023/05/13 v2.17o AMS math features
\@mathmargin=\skip72

For additional information on amsmath, use the `?' option.
(/usr/local/texlive/2024/texmf-dist/tex/latex/amsmath/amstext.sty
Package: amstext 2021/08/26 v2.01 AMS text
 (/usr/local/texlive/2024/texmf-dist/tex/latex/amsmath/amsgen.sty
File: amsgen.sty 1999/11/30 v2.0 generic functions
\@emptytoks=\toks18
\ex@=\dimen143
)) (/usr/local/texlive/2024/texmf-dist/tex/latex/amsmath/amsbsy.sty
Package: amsbsy 1999/11/29 v1.2d Bold Symbols
\pmbraise@=\dimen144
) (/usr/local/texlive/2024/texmf-dist/tex/latex/amsmath/amsopn.sty
Package: amsopn 2022/04/08 v2.04 operator names
)
\inf@bad=\count389
LaTeX Info: Redefining \frac on input line 234.
\uproot@=\count390
\leftroot@=\count391
LaTeX Info: Redefining \overline on input line 399.
LaTeX Info: Redefining \colon on input line 410.
\classnum@=\count392
\DOTSCASE@=\count393
LaTeX Info: Redefining \ldots on input line 496.
LaTeX Info: Redefining \dots on input line 499.
LaTeX Info: Redefining \cdots on input line 620.
\Mathstrutbox@=\box52
\strutbox@=\box53
LaTeX Info: Redefining \big on input line 722.
LaTeX Info: Redefining \Big on input line 723.
LaTeX Info: Redefining \bigg on input line 724.
LaTeX Info: Redefining \Bigg on input line 725.
\big@size=\dimen145
LaTeX Font Info:    Redeclaring font encoding OML on input line 743.
LaTeX Font Info:    Redeclaring font encoding OMS on input line 744.
\macc@depth=\count394
LaTeX Info: Redefining \bmod on input line 905.
LaTeX Info: Redefining \pmod on input line 910.
LaTeX Info: Redefining \smash on input line 940.
LaTeX Info: Redefining \relbar on input line 970.
LaTeX Info: Redefining \Relbar on input line 971.
\c@MaxMatrixCols=\count395
\dotsspace@=\muskip21
\c@parentequation=\count396
\dspbrk@lvl=\count397
\tag@help=\toks19
\row@=\count398
\column@=\count399
\maxfields@=\count400
\andhelp@=\toks20
\eqnshift@=\dimen146
\alignsep@=\dimen147
\tagshift@=\dimen148
\tagwidth@=\dimen149
\totwidth@=\dimen150
\lineht@=\dimen151
\@envbody=\toks21
\multlinegap=\skip73
\multlinetaggap=\skip74
\mathdisplay@stack=\toks22
LaTeX Info: Redefining \[ on input line 2953.
LaTeX Info: Redefining \] on input line 2954.
) (/usr/local/texlive/2024/texmf-dist/tex/latex/amscls/amsthm.sty
Package: amsthm 2020/05/29 v2.20.6
\thm@style=\toks23
\thm@bodyfont=\toks24
\thm@headfont=\toks25
\thm@notefont=\toks26
\thm@headpunct=\toks27
\thm@preskip=\skip75
\thm@postskip=\skip76
\thm@headsep=\skip77
\dth@everypar=\toks28
) (/usr/local/texlive/2024/texmf-dist/tex/latex/amsfonts/amssymb.sty
Package: amssymb 2013/01/14 v3.01 AMS font symbols
 (/usr/local/texlive/2024/texmf-dist/tex/latex/amsfonts/amsfonts.sty
Package: amsfonts 2013/01/14 v3.01 Basic AMSFonts support
\symAMSa=\mathgroup4
\symAMSb=\mathgroup5
LaTeX Font Info:    Redeclaring math symbol \hbar on input line 98.
LaTeX Font Info:    Overwriting math alphabet `\mathfrak' in version `bold'
(Font)                  U/euf/m/n --> U/euf/b/n on input line 106.
)) (/usr/local/texlive/2024/texmf-dist/tex/latex/mathtools/mathtools.sty
Package: mathtools 2024/03/11 v1.30 mathematical typesetting tools
 (/usr/local/texlive/2024/texmf-dist/tex/latex/tools/calc.sty
Package: calc 2023/07/08 v4.3 Infix arithmetic (KKT,FJ)
\calc@Acount=\count401
\calc@Bcount=\count402
\calc@Adimen=\dimen152
\calc@Bdimen=\dimen153
\calc@Askip=\skip78
\calc@Bskip=\skip79
LaTeX Info: Redefining \setlength on input line 80.
LaTeX Info: Redefining \addtolength on input line 81.
\calc@Ccount=\count403
\calc@Cskip=\skip80
) (/usr/local/texlive/2024/texmf-dist/tex/latex/mathtools/mhsetup.sty
Package: mhsetup 2021/03/18 v1.4 programming setup (MH)
)
\g_MT_multlinerow_int=\count404
\l_MT_multwidth_dim=\dimen154
\origjot=\skip81
\l_MT_shortvdotswithinadjustabove_dim=\dimen155
\l_MT_shortvdotswithinadjustbelow_dim=\dimen156
\l_MT_above_intertext_sep=\dimen157
\l_MT_below_intertext_sep=\dimen158
\l_MT_above_shortintertext_sep=\dimen159
\l_MT_below_shortintertext_sep=\dimen160
\xmathstrut@box=\box54
\xmathstrut@dim=\dimen161
) (/usr/local/texlive/2024/texmf-dist/tex/latex/tools/xspace.sty
Package: xspace 2014/10/28 v1.13 Space after command names (DPC,MH)
) (/usr/local/texlive/2024/texmf-dist/tex/latex/bbm-macros/bbm.sty
Package: bbm 1999/03/15 V 1.2 provides fonts for set symbols - TH
LaTeX Font Info:    Overwriting math alphabet `\mathbbm' in version `bold'
(Font)                  U/bbm/m/n --> U/bbm/bx/n on input line 33.
LaTeX Font Info:    Overwriting math alphabet `\mathbbmss' in version `bold'
(Font)                  U/bbmss/m/n --> U/bbmss/bx/n on input line 35.
) (/usr/local/texlive/2024/texmf-dist/tex/latex/paralist/paralist.sty
Package: paralist 2017/01/22 v2.7 Extended list environments
\pltopsep=\skip82
\plpartopsep=\skip83
\plitemsep=\skip84
\plparsep=\skip85
\pl@lab=\toks29
) (/usr/local/texlive/2024/texmf-dist/tex/generic/iftex/ifxetex.sty
Package: ifxetex 2019/10/25 v0.7 ifxetex legacy package. Use iftex instead.
) (/usr/local/texlive/2024/texmf-dist/tex/latex/titlesec/titlesec.sty
Package: titlesec 2023/10/27 v2.16 Sectioning titles
\ttl@box=\box55
\beforetitleunit=\skip86
\aftertitleunit=\skip87
\ttl@plus=\dimen162
\ttl@minus=\dimen163
\ttl@toksa=\toks30
\titlewidth=\dimen164
\titlewidthlast=\dimen165
\titlewidthfirst=\dimen166
) (/usr/local/texlive/2024/texmf-dist/tex/latex/titling/titling.sty
Package: titling 2009/09/04 v2.1d maketitle typesetting
\thanksmarkwidth=\skip88
\thanksmargin=\skip89
\droptitle=\skip90
) (/usr/local/texlive/2024/texmf-dist/tex/latex/hyperref/hyperref.sty
Package: hyperref 2024-01-20 v7.01h Hypertext links for LaTeX
 (/usr/local/texlive/2024/texmf-dist/tex/generic/kvdefinekeys/kvdefinekeys.sty
Package: kvdefinekeys 2019-12-19 v1.6 Define keys (HO)
) (/usr/local/texlive/2024/texmf-dist/tex/generic/pdfescape/pdfescape.sty
Package: pdfescape 2019/12/09 v1.15 Implements pdfTeX's escape features (HO)
) (/usr/local/texlive/2024/texmf-dist/tex/latex/hycolor/hycolor.sty
Package: hycolor 2020-01-27 v1.10 Color options for hyperref/bookmark (HO)
) (/usr/local/texlive/2024/texmf-dist/tex/latex/auxhook/auxhook.sty
Package: auxhook 2019-12-17 v1.6 Hooks for auxiliary files (HO)
) (/usr/local/texlive/2024/texmf-dist/tex/latex/hyperref/nameref.sty
Package: nameref 2023-11-26 v2.56 Cross-referencing by name of section
 (/usr/local/texlive/2024/texmf-dist/tex/latex/refcount/refcount.sty
Package: refcount 2019/12/15 v3.6 Data extraction from label references (HO)
) (/usr/local/texlive/2024/texmf-dist/tex/generic/gettitlestring/gettitlestring.sty
Package: gettitlestring 2019/12/15 v1.6 Cleanup title references (HO)
)
\c@section@level=\count405
)
\@linkdim=\dimen167
\Hy@linkcounter=\count406
\Hy@pagecounter=\count407
 (/usr/local/texlive/2024/texmf-dist/tex/latex/hyperref/pd1enc.def
File: pd1enc.def 2024-01-20 v7.01h Hyperref: PDFDocEncoding definition (HO)
) (/usr/local/texlive/2024/texmf-dist/tex/generic/intcalc/intcalc.sty
Package: intcalc 2019/12/15 v1.3 Expandable calculations with integers (HO)
)
\Hy@SavedSpaceFactor=\count408
 (/usr/local/texlive/2024/texmf-dist/tex/latex/hyperref/puenc.def
File: puenc.def 2024-01-20 v7.01h Hyperref: PDF Unicode definition (HO)
)
Package hyperref Info: Hyper figures OFF on input line 4179.
Package hyperref Info: Link nesting OFF on input line 4184.
Package hyperref Info: Hyper index ON on input line 4187.
Package hyperref Info: Plain pages OFF on input line 4194.
Package hyperref Info: Backreferencing ON on input line 4197.
Package hyperref Info: Implicit mode ON; LaTeX internals redefined.
Package hyperref Info: Bookmarks ON on input line 4446.
 (/usr/local/texlive/2024/texmf-dist/tex/latex/hyperref/backref.sty
Package: backref 2023-11-26 v1.44 Bibliographical back referencing
 (/usr/local/texlive/2024/texmf-dist/tex/latex/rerunfilecheck/rerunfilecheck.sty
Package: rerunfilecheck 2022-07-10 v1.10 Rerun checks for auxiliary files (HO)

(/usr/local/texlive/2024/texmf-dist/tex/latex/base/atveryend-ltx.sty
Package: atveryend-ltx 2020/08/19 v1.0a Emulation of the original atveryend package
with kernel methods
) (/usr/local/texlive/2024/texmf-dist/tex/generic/uniquecounter/uniquecounter.sty
Package: uniquecounter 2019/12/15 v1.4 Provide unlimited unique counter (HO)
 (/usr/local/texlive/2024/texmf-dist/tex/generic/bigintcalc/bigintcalc.sty
Package: bigintcalc 2019/12/15 v1.5 Expandable calculations on big integers (HO)
))
Package uniquecounter Info: New unique counter `rerunfilecheck' on input line 285.
))
\c@Hy@tempcnt=\count409
LaTeX Info: Redefining \url on input line 4784.
\XeTeXLinkMargin=\dimen168
 (/usr/local/texlive/2024/texmf-dist/tex/generic/bitset/bitset.sty
Package: bitset 2019/12/09 v1.3 Handle bit-vector datatype (HO)
)
\Fld@menulength=\count410
\Field@Width=\dimen169
\Fld@charsize=\dimen170
Package hyperref Info: Hyper figures OFF on input line 6063.
Package hyperref Info: Link nesting OFF on input line 6068.
Package hyperref Info: Hyper index ON on input line 6071.
Package hyperref Info: backreferencing ON on input line 6076.
Package hyperref Info: Link coloring OFF on input line 6083.
Package hyperref Info: Link coloring with OCG OFF on input line 6088.
Package hyperref Info: PDF/A mode OFF on input line 6093.
 (/usr/local/texlive/2024/texmf-dist/tex/latex/base/atbegshi-ltx.sty
Package: atbegshi-ltx 2021/01/10 v1.0c Emulation of the original atbegshi
package with kernel methods
)
\Hy@abspage=\count411
\c@Item=\count412
\c@Hfootnote=\count413
)
Package hyperref Info: Driver (autodetected): hxetex.
 (/usr/local/texlive/2024/texmf-dist/tex/latex/hyperref/hxetex.def
File: hxetex.def 2024-01-20 v7.01h Hyperref driver for XeTeX
 (/usr/local/texlive/2024/texmf-dist/tex/generic/stringenc/stringenc.sty
Package: stringenc 2019/11/29 v1.12 Convert strings between diff. encodings (HO)
)
\pdfm@box=\box56
\c@Hy@AnnotLevel=\count414
\HyField@AnnotCount=\count415
\Fld@listcount=\count416
\c@bookmark@seq@number=\count417
\Hy@SectionHShift=\skip91
) (/usr/local/texlive/2024/texmf-dist/tex/latex/xcolor/xcolor.sty
Package: xcolor 2023/11/15 v3.01 LaTeX color extensions (UK)
 (/usr/local/texlive/2024/texmf-dist/tex/latex/graphics-cfg/color.cfg
File: color.cfg 2016/01/02 v1.6 sample color configuration
)
Package xcolor Info: Driver file: xetex.def on input line 274.
 (/usr/local/texlive/2024/texmf-dist/tex/latex/graphics/mathcolor.ltx)
Package xcolor Info: Model `cmy' substituted by `cmy0' on input line 1350.
Package xcolor Info: Model `RGB' extended on input line 1366.
Package xcolor Info: Model `HTML' substituted by `rgb' on input line 1368.
Package xcolor Info: Model `Hsb' substituted by `hsb' on input line 1369.
Package xcolor Info: Model `tHsb' substituted by `hsb' on input line 1370.
Package xcolor Info: Model `HSB' substituted by `hsb' on input line 1371.
Package xcolor Info: Model `Gray' substituted by `gray' on input line 1372.
Package xcolor Info: Model `wave' substituted by `hsb' on input line 1373.
) (/usr/local/texlive/2024/texmf-dist/tex/latex/graphics/dvipsnam.def
File: dvipsnam.def 2016/06/17 v3.0m Driver-dependent file (DPC,SPQR)
)
Package hyperref Info: Option `colorlinks' set `true' on input line 49.
 (/usr/local/texlive/2024/texmf-dist/tex/generic/ulem/ulem.sty
\UL@box=\box57
\UL@hyphenbox=\box58
\UL@skip=\skip92
\UL@hook=\toks31
\UL@height=\dimen171
\UL@pe=\count418
\UL@pixel=\dimen172
\ULC@box=\box59
Package: ulem 2019/11/18
\ULdepth=\dimen173
) (/usr/local/texlive/2024/texmf-dist/tex/latex/tcolorbox/tcolorbox.sty
Package: tcolorbox 2024/01/10 version 6.2.0 text color boxes
 (/usr/local/texlive/2024/texmf-dist/tex/latex/pgf/basiclayer/pgf.sty (/usr/local/texlive/2024/texmf-dist/tex/latex/pgf/utilities/pgfrcs.sty (/usr/local/texlive/2024/texmf-dist/tex/generic/pgf/utilities/pgfutil-common.tex
\pgfutil@everybye=\toks32
\pgfutil@tempdima=\dimen174
\pgfutil@tempdimb=\dimen175
) (/usr/local/texlive/2024/texmf-dist/tex/generic/pgf/utilities/pgfutil-latex.def
\pgfutil@abb=\box60
) (/usr/local/texlive/2024/texmf-dist/tex/generic/pgf/utilities/pgfrcs.code.tex (/usr/local/texlive/2024/texmf-dist/tex/generic/pgf/pgf.revision.tex)
Package: pgfrcs 2023-01-15 v3.1.10 (3.1.10)
))
Package: pgf 2023-01-15 v3.1.10 (3.1.10)
 (/usr/local/texlive/2024/texmf-dist/tex/latex/pgf/basiclayer/pgfcore.sty (/usr/local/texlive/2024/texmf-dist/tex/latex/pgf/systemlayer/pgfsys.sty (/usr/local/texlive/2024/texmf-dist/tex/generic/pgf/systemlayer/pgfsys.code.tex
Package: pgfsys 2023-01-15 v3.1.10 (3.1.10)
 (/usr/local/texlive/2024/texmf-dist/tex/generic/pgf/utilities/pgfkeys.code.tex
\pgfkeys@pathtoks=\toks33
\pgfkeys@temptoks=\toks34
 (/usr/local/texlive/2024/texmf-dist/tex/generic/pgf/utilities/pgfkeyslibraryfiltered.code.tex
\pgfkeys@tmptoks=\toks35
))
\pgf@x=\dimen176
\pgf@y=\dimen177
\pgf@xa=\dimen178
\pgf@ya=\dimen179
\pgf@xb=\dimen180
\pgf@yb=\dimen181
\pgf@xc=\dimen182
\pgf@yc=\dimen183
\pgf@xd=\dimen184
\pgf@yd=\dimen185
\w@pgf@writea=\write4
\r@pgf@reada=\read3
\c@pgf@counta=\count419
\c@pgf@countb=\count420
\c@pgf@countc=\count421
\c@pgf@countd=\count422
\t@pgf@toka=\toks36
\t@pgf@tokb=\toks37
\t@pgf@tokc=\toks38
\pgf@sys@id@count=\count423
 (/usr/local/texlive/2024/texmf-dist/tex/generic/pgf/systemlayer/pgf.cfg
File: pgf.cfg 2023-01-15 v3.1.10 (3.1.10)
)
Driver file for pgf: pgfsys-xetex.def
 (/usr/local/texlive/2024/texmf-dist/tex/generic/pgf/systemlayer/pgfsys-xetex.def
File: pgfsys-xetex.def 2023-01-15 v3.1.10 (3.1.10)
 (/usr/local/texlive/2024/texmf-dist/tex/generic/pgf/systemlayer/pgfsys-dvipdfmx.def
File: pgfsys-dvipdfmx.def 2023-01-15 v3.1.10 (3.1.10)

(/usr/local/texlive/2024/texmf-dist/tex/generic/pgf/systemlayer/pgfsys-common-pdf.def
File: pgfsys-common-pdf.def 2023-01-15 v3.1.10 (3.1.10)
)
\pgfsys@objnum=\count424
))) (/usr/local/texlive/2024/texmf-dist/tex/generic/pgf/systemlayer/pgfsyssoftpath.code.tex
File: pgfsyssoftpath.code.tex 2023-01-15 v3.1.10 (3.1.10)
\pgfsyssoftpath@smallbuffer@items=\count425
\pgfsyssoftpath@bigbuffer@items=\count426
) (/usr/local/texlive/2024/texmf-dist/tex/generic/pgf/systemlayer/pgfsysprotocol.code.tex
File: pgfsysprotocol.code.tex 2023-01-15 v3.1.10 (3.1.10)
)) (/usr/local/texlive/2024/texmf-dist/tex/generic/pgf/basiclayer/pgfcore.code.tex
Package: pgfcore 2023-01-15 v3.1.10 (3.1.10)
 (/usr/local/texlive/2024/texmf-dist/tex/generic/pgf/math/pgfmath.code.tex (/usr/local/texlive/2024/texmf-dist/tex/generic/pgf/math/pgfmathutil.code.tex) (/usr/local/texlive/2024/texmf-dist/tex/generic/pgf/math/pgfmathparser.code.tex
\pgfmath@dimen=\dimen186
\pgfmath@count=\count427
\pgfmath@box=\box61
\pgfmath@toks=\toks39
\pgfmath@stack@operand=\toks40
\pgfmath@stack@operation=\toks41
) (/usr/local/texlive/2024/texmf-dist/tex/generic/pgf/math/pgfmathfunctions.code.tex) (/usr/local/texlive/2024/texmf-dist/tex/generic/pgf/math/pgfmathfunctions.basic.code.tex) (/usr/local/texlive/2024/texmf-dist/tex/generic/pgf/math/pgfmathfunctions.trigonometric.code.tex) (/usr/local/texlive/2024/texmf-dist/tex/generic/pgf/math/pgfmathfunctions.random.code.tex) (/usr/local/texlive/2024/texmf-dist/tex/generic/pgf/math/pgfmathfunctions.comparison.code.tex) (/usr/local/texlive/2024/texmf-dist/tex/generic/pgf/math/pgfmathfunctions.base.code.tex) (/usr/local/texlive/2024/texmf-dist/tex/generic/pgf/math/pgfmathfunctions.round.code.tex) (/usr/local/texlive/2024/texmf-dist/tex/generic/pgf/math/pgfmathfunctions.misc.code.tex) (/usr/local/texlive/2024/texmf-dist/tex/generic/pgf/math/pgfmathfunctions.integerarithmetics.code.tex) (/usr/local/texlive/2024/texmf-dist/tex/generic/pgf/math/pgfmathcalc.code.tex) (/usr/local/texlive/2024/texmf-dist/tex/generic/pgf/math/pgfmathfloat.code.tex
\c@pgfmathroundto@lastzeros=\count428
)) (/usr/local/texlive/2024/texmf-dist/tex/generic/pgf/math/pgfint.code.tex) (/usr/local/texlive/2024/texmf-dist/tex/generic/pgf/basiclayer/pgfcorepoints.code.tex
File: pgfcorepoints.code.tex 2023-01-15 v3.1.10 (3.1.10)
\pgf@picminx=\dimen187
\pgf@picmaxx=\dimen188
\pgf@picminy=\dimen189
\pgf@picmaxy=\dimen190
\pgf@pathminx=\dimen191
\pgf@pathmaxx=\dimen192
\pgf@pathminy=\dimen193
\pgf@pathmaxy=\dimen194
\pgf@xx=\dimen195
\pgf@xy=\dimen196
\pgf@yx=\dimen197
\pgf@yy=\dimen198
\pgf@zx=\dimen199
\pgf@zy=\dimen256
) (/usr/local/texlive/2024/texmf-dist/tex/generic/pgf/basiclayer/pgfcorepathconstruct.code.tex
File: pgfcorepathconstruct.code.tex 2023-01-15 v3.1.10 (3.1.10)
\pgf@path@lastx=\dimen257
\pgf@path@lasty=\dimen258
) (/usr/local/texlive/2024/texmf-dist/tex/generic/pgf/basiclayer/pgfcorepathusage.code.tex
File: pgfcorepathusage.code.tex 2023-01-15 v3.1.10 (3.1.10)
\pgf@shorten@end@additional=\dimen259
\pgf@shorten@start@additional=\dimen260
) (/usr/local/texlive/2024/texmf-dist/tex/generic/pgf/basiclayer/pgfcorescopes.code.tex
File: pgfcorescopes.code.tex 2023-01-15 v3.1.10 (3.1.10)
\pgfpic=\box62
\pgf@hbox=\box63
\pgf@layerbox@main=\box64
\pgf@picture@serial@count=\count429
)
(/usr/local/texlive/2024/texmf-dist/tex/generic/pgf/basiclayer/pgfcoregraphicstate.code.tex
File: pgfcoregraphicstate.code.tex 2023-01-15 v3.1.10 (3.1.10)
\pgflinewidth=\dimen261
) (/usr/local/texlive/2024/texmf-dist/tex/generic/pgf/basiclayer/pgfcoretransformations.code.tex
File: pgfcoretransformations.code.tex 2023-01-15 v3.1.10 (3.1.10)
\pgf@pt@x=\dimen262
\pgf@pt@y=\dimen263
\pgf@pt@temp=\dimen264
) (/usr/local/texlive/2024/texmf-dist/tex/generic/pgf/basiclayer/pgfcorequick.code.tex
File: pgfcorequick.code.tex 2023-01-15 v3.1.10 (3.1.10)
) (/usr/local/texlive/2024/texmf-dist/tex/generic/pgf/basiclayer/pgfcoreobjects.code.tex
File: pgfcoreobjects.code.tex 2023-01-15 v3.1.10 (3.1.10)
) (/usr/local/texlive/2024/texmf-dist/tex/generic/pgf/basiclayer/pgfcorepathprocessing.code.tex
File: pgfcorepathprocessing.code.tex 2023-01-15 v3.1.10 (3.1.10)
) (/usr/local/texlive/2024/texmf-dist/tex/generic/pgf/basiclayer/pgfcorearrows.code.tex
File: pgfcorearrows.code.tex 2023-01-15 v3.1.10 (3.1.10)
\pgfarrowsep=\dimen265
) (/usr/local/texlive/2024/texmf-dist/tex/generic/pgf/basiclayer/pgfcoreshade.code.tex
File: pgfcoreshade.code.tex 2023-01-15 v3.1.10 (3.1.10)
\pgf@max=\dimen266
\pgf@sys@shading@range@num=\count430
\pgf@shadingcount=\count431
) (/usr/local/texlive/2024/texmf-dist/tex/generic/pgf/basiclayer/pgfcoreimage.code.tex
File: pgfcoreimage.code.tex 2023-01-15 v3.1.10 (3.1.10)
) (/usr/local/texlive/2024/texmf-dist/tex/generic/pgf/basiclayer/pgfcoreexternal.code.tex
File: pgfcoreexternal.code.tex 2023-01-15 v3.1.10 (3.1.10)
\pgfexternal@startupbox=\box65
) (/usr/local/texlive/2024/texmf-dist/tex/generic/pgf/basiclayer/pgfcorelayers.code.tex
File: pgfcorelayers.code.tex 2023-01-15 v3.1.10 (3.1.10)
) (/usr/local/texlive/2024/texmf-dist/tex/generic/pgf/basiclayer/pgfcoretransparency.code.tex
File: pgfcoretransparency.code.tex 2023-01-15 v3.1.10 (3.1.10)
) (/usr/local/texlive/2024/texmf-dist/tex/generic/pgf/basiclayer/pgfcorepatterns.code.tex
File: pgfcorepatterns.code.tex 2023-01-15 v3.1.10 (3.1.10)
) (/usr/local/texlive/2024/texmf-dist/tex/generic/pgf/basiclayer/pgfcorerdf.code.tex
File: pgfcorerdf.code.tex 2023-01-15 v3.1.10 (3.1.10)
))) (/usr/local/texlive/2024/texmf-dist/tex/generic/pgf/modules/pgfmoduleshapes.code.tex
File: pgfmoduleshapes.code.tex 2023-01-15 v3.1.10 (3.1.10)
\pgfnodeparttextbox=\box66
) (/usr/local/texlive/2024/texmf-dist/tex/generic/pgf/modules/pgfmoduleplot.code.tex
File: pgfmoduleplot.code.tex 2023-01-15 v3.1.10 (3.1.10)
) (/usr/local/texlive/2024/texmf-dist/tex/latex/pgf/compatibility/pgfcomp-version-0-65.sty
Package: pgfcomp-version-0-65 2023-01-15 v3.1.10 (3.1.10)
\pgf@nodesepstart=\dimen267
\pgf@nodesepend=\dimen268
) (/usr/local/texlive/2024/texmf-dist/tex/latex/pgf/compatibility/pgfcomp-version-1-18.sty
Package: pgfcomp-version-1-18 2023-01-15 v3.1.10 (3.1.10)
)) (/usr/local/texlive/2024/texmf-dist/tex/latex/tools/verbatim.sty
Package: verbatim 2023-11-06 v1.5v LaTeX2e package for verbatim enhancements
\every@verbatim=\toks42
\verbatim@line=\toks43
\verbatim@in@stream=\read4
) (/usr/local/texlive/2024/texmf-dist/tex/latex/environ/environ.sty
Package: environ 2014/05/04 v0.3 A new way to define environments
 (/usr/local/texlive/2024/texmf-dist/tex/latex/trimspaces/trimspaces.sty
Package: trimspaces 2009/09/17 v1.1 Trim spaces around a token list
))
\tcb@titlebox=\box67
\tcb@upperbox=\box68
\tcb@lowerbox=\box69
\tcb@phantombox=\box70
\c@tcbbreakpart=\count432
\c@tcblayer=\count433
\c@tcolorbox@number=\count434
\l__tcobox_tmpa_box=\box71
\l__tcobox_tmpa_dim=\dimen269
\tcb@temp=\box72
\tcb@temp=\box73
\tcb@temp=\box74
\tcb@temp=\box75
) (/usr/local/texlive/2024/texmf-dist/tex/latex/tools/enumerate.sty
Package: enumerate 2023/07/04 v3.00 enumerate extensions (DPC)
\@enLab=\toks44
) (/usr/local/texlive/2024/texmf-dist/tex/latex/enumitem/enumitem.sty
Package: enumitem 2019/06/20 v3.9 Customized lists
\labelindent=\skip93
\enit@outerparindent=\dimen270
\enit@toks=\toks45
\enit@inbox=\box76
\enit@count@id=\count435
\enitdp@description=\count436
) (/usr/local/texlive/2024/texmf-dist/tex/latex/multirow/multirow.sty
Package: multirow 2021/03/15 v2.8 Span multiple rows of a table
\multirow@colwidth=\skip94
\multirow@cntb=\count437
\multirow@dima=\skip95
\bigstrutjot=\dimen271
) (/usr/local/texlive/2024/texmf-dist/tex/latex/newpx/newpxmath.sty
Package: newpxmath 2023/11/08 v1.533

`newpxmath' v1.533, 2023/11/08 Math macros based on pxfonts (msharpe) (/usr/local/texlive/2024/texmf-dist/tex/generic/kastrup/binhex.tex) (/usr/local/texlive/2024/texmf-dist/tex/latex/xkeyval/xkeyval.sty
Package: xkeyval 2022/06/16 v2.9 package option processing (HA)
 (/usr/local/texlive/2024/texmf-dist/tex/generic/xkeyval/xkeyval.tex (/usr/local/texlive/2024/texmf-dist/tex/generic/xkeyval/xkvutils.tex
\XKV@toks=\toks46
\XKV@tempa@toks=\toks47
)
\XKV@depth=\count438
File: xkeyval.tex 2014/12/03 v2.7a key=value parser (HA)
)) (/usr/local/texlive/2024/texmf-dist/tex/latex/oberdiek/centernot.sty
Package: centernot 2016/05/16 v1.4 Centers the not symbol horizontally (HO)
)
\px@tA=\toks48
\px@tB=\toks49
\px@su=\read5
\px@Isdigit=\count439

amsthm NOT loaded
LaTeX Font Info:    Redeclaring symbol font `operators' on input line 222.
LaTeX Font Info:    Overwriting symbol font `operators' in version `normal'
(Font)                  OT1/cmr/m/n --> OT1/lmr/m/n on input line 222.
LaTeX Font Info:    Overwriting symbol font `operators' in version `bold'
(Font)                  OT1/cmr/bx/n --> OT1/lmr/m/n on input line 222.
LaTeX Font Info:    Overwriting symbol font `operators' in version `bold'
(Font)                  OT1/lmr/m/n --> OT1/lmr/b/n on input line 223.
LaTeX Font Info:    Redeclaring math alphabet \mathsf on input line 226.
LaTeX Font Info:    Overwriting math alphabet `\mathsf' in version `normal'
(Font)                  OT1/cmss/m/n --> TU/lmss/m/n on input line 226.
LaTeX Font Info:    Overwriting math alphabet `\mathsf' in version `bold'
(Font)                  OT1/cmss/bx/n --> TU/lmss/m/n on input line 226.
LaTeX Font Info:    Redeclaring math alphabet \mathit on input line 227.
LaTeX Font Info:    Overwriting math alphabet `\mathit' in version `normal'
(Font)                  OT1/cmr/m/it --> OT1/lmr/m/it on input line 227.
LaTeX Font Info:    Overwriting math alphabet `\mathit' in version `bold'
(Font)                  OT1/cmr/bx/it --> OT1/lmr/m/it on input line 227.
LaTeX Font Info:    Redeclaring math alphabet \mathtt on input line 228.
LaTeX Font Info:    Overwriting math alphabet `\mathtt' in version `normal'
(Font)                  OT1/cmtt/m/n --> TU/lmtt/m/n on input line 228.
LaTeX Font Info:    Overwriting math alphabet `\mathtt' in version `bold'
(Font)                  OT1/cmtt/m/n --> TU/lmtt/m/n on input line 228.
LaTeX Font Info:    Redeclaring math alphabet \mathbf on input line 230.
LaTeX Font Info:    Overwriting math alphabet `\mathbf' in version `normal'
(Font)                  OT1/cmr/bx/n --> OT1/lmr/b/n on input line 230.
LaTeX Font Info:    Overwriting math alphabet `\mathbf' in version `bold'
(Font)                  OT1/cmr/bx/n --> OT1/lmr/b/n on input line 230.
LaTeX Font Info:    Overwriting math alphabet `\mathit' in version `bold'
(Font)                  OT1/lmr/m/it --> OT1/lmr/b/it on input line 231.
LaTeX Font Info:    Overwriting math alphabet `\mathsf' in version `bold'
(Font)                  TU/lmss/m/n --> TU/lmss/b/n on input line 233.
LaTeX Font Info:    Overwriting math alphabet `\mathtt' in version `bold'
(Font)                  TU/lmtt/m/n --> TU/lmtt/b/n on input line 234.
LaTeX Font Info:    Redeclaring symbol font `letters' on input line 245.
LaTeX Font Info:    Overwriting symbol font `letters' in version `normal'
(Font)                  OML/cmm/m/it --> OML/npxmi/m/it on input line 245.
LaTeX Font Info:    Overwriting symbol font `letters' in version `bold'
(Font)                  OML/cmm/b/it --> OML/npxmi/m/it on input line 245.
LaTeX Font Info:    Overwriting symbol font `letters' in version `bold'
(Font)                  OML/npxmi/m/it --> OML/npxmi/b/it on input line 246.
\symlettersA=\mathgroup6
LaTeX Font Info:    Overwriting symbol font `lettersA' in version `bold'
(Font)                  U/npxmia/m/it --> U/npxmia/b/it on input line 264.
LaTeX Font Info:    Redeclaring math alphabet \mathfrak on input line 266.
LaTeX Font Info:    Redeclaring symbol font `symbols' on input line 274.
LaTeX Font Info:    Encoding `OMS' has changed to `LMS' for symbol font
(Font)              `symbols' in the math version `normal' on input line 274.
LaTeX Font Info:    Overwriting symbol font `symbols' in version `normal'
(Font)                  OMS/cmsy/m/n --> LMS/npxsy/m/n on input line 274.
LaTeX Font Info:    Encoding `OMS' has changed to `LMS' for symbol font
(Font)              `symbols' in the math version `bold' on input line 274.
LaTeX Font Info:    Overwriting symbol font `symbols' in version `bold'
(Font)                  OMS/cmsy/b/n --> LMS/npxsy/m/n on input line 274.
LaTeX Font Info:    Overwriting symbol font `symbols' in version `bold'
(Font)                  LMS/npxsy/m/n --> LMS/npxsy/b/n on input line 275.
\symAMSm=\mathgroup7
LaTeX Font Info:    Overwriting symbol font `AMSm' in version `bold'
(Font)                  U/npxsym/m/n --> U/npxsym/b/n on input line 295.
\symsymbolsC=\mathgroup8
LaTeX Font Info:    Overwriting symbol font `symbolsC' in version `bold'
(Font)                  U/npxsyc/m/n --> U/npxsyc/b/n on input line 317.
LaTeX Font Info:    Redeclaring symbol font `largesymbols' on input line 337.
LaTeX Font Info:    Encoding `OMX' has changed to `LMX' for symbol font
(Font)              `largesymbols' in the math version `normal' on input line 337.
LaTeX Font Info:    Overwriting symbol font `largesymbols' in version `normal'
(Font)                  OMX/cmex/m/n --> LMX/npxexx/m/n on input line 337.
LaTeX Font Info:    Encoding `OMX' has changed to `LMX' for symbol font
(Font)              `largesymbols' in the math version `bold' on input line 337.
LaTeX Font Info:    Overwriting symbol font `largesymbols' in version `bold'
(Font)                  OMX/cmex/m/n --> LMX/npxexx/m/n on input line 337.
LaTeX Font Info:    Overwriting symbol font `largesymbols' in version `bold'
(Font)                  LMX/npxexx/m/n --> LMX/npxexx/b/n on input line 338.
\symlargesymbolsPXA=\mathgroup9
LaTeX Font Info:    Overwriting symbol font `largesymbolsPXA' in version `bold'
(Font)                  U/npxexa/m/n --> U/npxexa/b/n on input line 345.
\px@cntz=\count440
\px@IsAlNum=\count441
\px@sbptoks=\toks50
LaTeX Font Info:    Redeclaring math delimiter \lfloor on input line 500.
LaTeX Font Info:    Redeclaring math delimiter \rfloor on input line 501.
LaTeX Font Info:    Redeclaring math delimiter \lceil on input line 502.
LaTeX Font Info:    Redeclaring math delimiter \rceil on input line 503.
LaTeX Font Info:    Redeclaring math delimiter \lbrace on input line 508.
LaTeX Font Info:    Redeclaring math delimiter \rbrace on input line 509.
LaTeX Font Info:    Redeclaring math delimiter \langle on input line 511.
LaTeX Font Info:    Redeclaring math delimiter \rangle on input line 513.
LaTeX Font Info:    Redeclaring math delimiter \arrowvert on input line 517.
LaTeX Font Info:    Redeclaring math delimiter \vert on input line 518.
LaTeX Font Info:    Redeclaring math symbol \parallel on input line 519.
LaTeX Font Info:    Redeclaring math delimiter \Arrowvert on input line 520.
LaTeX Font Info:    Redeclaring math accent \grave on input line 560.
LaTeX Font Info:    Redeclaring math accent \acute on input line 561.
LaTeX Font Info:    Redeclaring math accent \hat on input line 562.
LaTeX Font Info:    Redeclaring math accent \tilde on input line 563.
LaTeX Font Info:    Redeclaring math accent \bar on input line 564.
LaTeX Font Info:    Redeclaring math accent \breve on input line 565.
LaTeX Font Info:    Redeclaring math accent \mathring on input line 566.
LaTeX Font Info:    Redeclaring math accent \check on input line 567.
LaTeX Font Info:    Redeclaring math accent \dot on input line 571.
LaTeX Font Info:    Redeclaring math accent \ddot on input line 572.
LaTeX Font Info:    Redeclaring math accent \vec on input line 1617.
LaTeX Info: Redefining \Bbbk on input line 2194.
LaTeX Info: Redefining \not on input line 2476.
LaTeX Info: Redefining \textsquare on input line 2491.
LaTeX Info: Redefining \openbox on input line 2493.
) (/usr/local/texlive/2024/texmf-dist/tex/xelatex/mathspec/mathspec.sty
Package: mathspec 2016/12/22 v0.2b LaTeX Package (Mathematics font selection for XeLaTeX)
 (/usr/local/texlive/2024/texmf-dist/tex/latex/fontspec/fontspec.sty
Package: fontspec 2024/02/13 v2.9a Font selection for XeLaTeX and LuaLaTeX
 (/usr/local/texlive/2024/texmf-dist/tex/latex/fontspec/fontspec-xetex.sty
Package: fontspec-xetex 2024/02/13 v2.9a Font selection for XeLaTeX and LuaLaTeX
\l__fontspec_script_int=\count442
\l__fontspec_language_int=\count443
\l__fontspec_strnum_int=\count444
\l__fontspec_tmp_int=\count445
\l__fontspec_tmpa_int=\count446
\l__fontspec_tmpb_int=\count447
\l__fontspec_tmpc_int=\count448
\l__fontspec_em_int=\count449
\l__fontspec_emdef_int=\count450
\l__fontspec_strong_int=\count451
\l__fontspec_strongdef_int=\count452
\l__fontspec_tmpa_dim=\dimen272
\l__fontspec_tmpb_dim=\dimen273
\l__fontspec_tmpc_dim=\dimen274
 (/usr/local/texlive/2024/texmf-dist/tex/latex/base/fontenc.sty
Package: fontenc 2021/04/29 v2.0v Standard LaTeX package
) (/usr/local/texlive/2024/texmf-dist/tex/latex/fontspec/fontspec.cfg)))
\c@eu@=\count453
\c@eu@i=\count454
\c@mkern=\count455
)

./hw.sty:59: Package fontspec Error: The font "Noto Serif" cannot be found.

For immediate help type H <return>.
 ...                                              
                                                  
l.59 \setallmainfonts(Digits,Latin){Noto Serif}
                                               

A font might not be found for many reasons.
 Check the spelling, where the font is installed etc. etc.

 When in doubt, ask someone for help!



Package fontspec Info: Could not resolve font "Noto Serif/BI" (it probably
(fontspec)             doesn't exist).


Package fontspec Info: Could not resolve font "Noto Serif/B" (it probably
(fontspec)             doesn't exist).


Package fontspec Info: Could not resolve font "Noto Serif/I" (it probably
(fontspec)             doesn't exist).


./hw.sty:59: Package fontspec Error: The font "Noto Serif" cannot be found.

For immediate help type H <return>.
 ...                                              
                                                  
l.59 \setallmainfonts(Digits,Latin){Noto Serif}
                                               

A font might not be found for many reasons.
 Check the spelling, where the font is installed etc. etc.

 When in doubt, ask someone for help!



./hw.sty:59: Package fontspec Error: The font "Noto Serif" cannot be found.

For immediate help type H <return>.
 ...                                              
                                                  
l.59 \setallmainfonts(Digits,Latin){Noto Serif}
                                               

A font might not be found for many reasons.
 Check the spelling, where the font is installed etc. etc.

 When in doubt, ask someone for help!



Package fontspec Info: Font family 'NotoSerif(0)' created for font 'Noto
(fontspec)             Serif' with options [Ligatures=TeX].
(fontspec)              
(fontspec)              This font family consists of the following NFSS
(fontspec)             series/shapes:
(fontspec)              
(fontspec)             - 'normal' (m/n) with NFSS spec.: <->"Noto Serif"
(fontspec)             - 'small caps'  (m/sc) with NFSS spec.: <->"Noto Serif"

./hw.sty:59: Font TU/NotoSerif(0)/m/n/10="Noto Serif" at 10.0pt not loadable: Metric (TFM) file or installed font not found.
<to be read again> 
                   relax 
l.59 \setallmainfonts(Digits,Latin){Noto Serif}
                                               
I wasn't able to read the size data for this font,
so I will ignore the font specification.
[Wizards can fix TFM files using TFtoPL/PLtoTF.]
You might try inserting a different font spec;
e.g., type `I\font<same font id>=<substitute font name>'.


./hw.sty:59: Package fontspec Error: The font "Noto Serif" cannot be found.

For immediate help type H <return>.
 ...                                              
                                                  
l.59 \setallmainfonts(Digits,Latin){Noto Serif}
                                               

A font might not be found for many reasons.
 Check the spelling, where the font is installed etc. etc.

 When in doubt, ask someone for help!


\symDigits:m:n=\mathgroup10

./hw.sty:59: Package fontspec Error: The font "Noto Serif" cannot be found.

For immediate help type H <return>.
 ...                                              
                                                  
l.59 \setallmainfonts(Digits,Latin){Noto Serif}
                                               

A font might not be found for many reasons.
 Check the spelling, where the font is installed etc. etc.

 When in doubt, ask someone for help!


\symLatin:m:n=\mathgroup11
\symLatin:m:it=\mathgroup12

./hw.sty:59: Package fontspec Error: The font "Noto Serif" cannot be found.

For immediate help type H <return>.
 ...                                              
                                                  
l.59 \setallmainfonts(Digits,Latin){Noto Serif}
                                               

A font might not be found for many reasons.
 Check the spelling, where the font is installed etc. etc.

 When in doubt, ask someone for help!


LaTeX Font Info:    Redeclaring math alphabet \mathrm on input line 59.
LaTeX Font Info:    Overwriting math alphabet `\mathrm' in version `bold'
(Font)                  TU/NotoSerif(0)/m/n --> TU/NotoSerif(0)/bx/n on input line 59.
LaTeX Font Info:    Redeclaring math alphabet \mathit on input line 59.
LaTeX Font Info:    Overwriting math alphabet `\mathit' in version `normal'
(Font)                  OT1/lmr/m/it --> TU/NotoSerif(0)/m/it on input line 59.
LaTeX Font Info:    Overwriting math alphabet `\mathit' in version `bold'
(Font)                  OT1/lmr/b/it --> TU/NotoSerif(0)/m/it on input line 59.
LaTeX Font Info:    Redeclaring math alphabet \mathbf on input line 59.
LaTeX Font Info:    Overwriting math alphabet `\mathbf' in version `normal'
(Font)                  OT1/lmr/b/n --> TU/NotoSerif(0)/bx/n on input line 59.
LaTeX Font Info:    Overwriting math alphabet `\mathbf' in version `bold'
(Font)                  OT1/lmr/b/n --> TU/NotoSerif(0)/bx/n on input line 59.
LaTeX Font Info:    Overwriting math alphabet `\mathit' in version `bold'
(Font)                  TU/NotoSerif(0)/m/it --> TU/NotoSerif(0)/bx/it on input line 59.
\symOperators:m:n=\mathgroup13
(/usr/local/texlive/2024/texmf-dist/tex/latex/tools/bm.sty
Package: bm 2023/07/08 v1.2f Bold Symbol Support (DPC/FMi)
\symboldoperators=\mathgroup14
\symboldletters=\mathgroup15
Package bm Info: No bold for \U/msa/m/n, using \pmb.
Package bm Info: No bold for \U/msb/m/n, using \pmb.
Package bm Info: No bold for \TU/NotoSerif(0)/m/n, using \pmb.
Package bm Info: No bold for \TU/NotoSerif(0)/m/n, using \pmb.
Package bm Info: No bold for \TU/NotoSerif(0)/m/it, using \pmb.
Package bm Info: No bold for \TU/NotoSerif(0)/m/n, using \pmb.
LaTeX Font Info:    Redeclaring math alphabet \mathbf on input line 149.
) (/usr/local/texlive/2024/texmf-dist/tex/latex/csquotes/csquotes.sty
Package: csquotes 2022-09-14 v5.2n context-sensitive quotations (JAW)
\csq@reset=\count456
\csq@gtype=\count457
\csq@glevel=\count458
\csq@qlevel=\count459
\csq@maxlvl=\count460
\csq@tshold=\count461
\csq@ltx@everypar=\toks51
 (/usr/local/texlive/2024/texmf-dist/tex/latex/csquotes/csquotes.def
File: csquotes.def 2022-09-14 v5.2n csquotes generic definitions (JAW)
)
Package csquotes Info: Trying to load configuration file 'csquotes.cfg'...
Package csquotes Info: ... configuration file loaded successfully.
 (/usr/local/texlive/2024/texmf-dist/tex/latex/csquotes/csquotes.cfg
File: csquotes.cfg 
))
\c@theorem=\count462
\c@itheorem=\count463
\c@subclaim=\count464
 (/usr/local/texlive/2024/texmf-dist/tex/latex/prettyref/prettyref.sty
Package: prettyref 1998/07/09 v3.0
) (/usr/local/texlive/2024/texmf-dist/tex/latex/geometry/geometry.sty
Package: geometry 2020/01/02 v5.9 Page Geometry
 (/usr/local/texlive/2024/texmf-dist/tex/generic/iftex/ifvtex.sty
Package: ifvtex 2019/10/25 v1.7 ifvtex legacy package. Use iftex instead.
)
\Gm@cnth=\count465
\Gm@cntv=\count466
\c@Gm@tempcnt=\count467
\Gm@bindingoffset=\dimen275
\Gm@wd@mp=\dimen276
\Gm@odd@mp=\dimen277
\Gm@even@mp=\dimen278
\Gm@layoutwidth=\dimen279
\Gm@layoutheight=\dimen280
\Gm@layouthoffset=\dimen281
\Gm@layoutvoffset=\dimen282
\Gm@dimlist=\toks52
) (/usr/local/texlive/2024/texmf-dist/tex/latex/caption/subcaption.sty
Package: subcaption 2023/07/28 v1.6b Sub-captions (AR)
 (/usr/local/texlive/2024/texmf-dist/tex/latex/caption/caption.sty
Package: caption 2023/08/05 v3.6o Customizing captions (AR)
 (/usr/local/texlive/2024/texmf-dist/tex/latex/caption/caption3.sty
Package: caption3 2023/07/31 v2.4d caption3 kernel (AR)
\caption@tempdima=\dimen283
\captionmargin=\dimen284
\caption@leftmargin=\dimen285
\caption@rightmargin=\dimen286
\caption@width=\dimen287
\caption@indent=\dimen288
\caption@parindent=\dimen289
\caption@hangindent=\dimen290
Package caption Info: Standard document class detected.
)
\c@caption@flags=\count468
\c@continuedfloat=\count469
Package caption Info: hyperref package is loaded.
)
Package caption Info: New subtype `subfigure' on input line 238.
\c@subfigure=\count470
Package caption Info: New subtype `subtable' on input line 238.
\c@subtable=\count471
) (/usr/local/texlive/2024/texmf-dist/tex/latex/pgf/frontendlayer/tikz.sty (/usr/local/texlive/2024/texmf-dist/tex/latex/pgf/utilities/pgffor.sty (/usr/local/texlive/2024/texmf-dist/tex/latex/pgf/utilities/pgfkeys.sty (/usr/local/texlive/2024/texmf-dist/tex/generic/pgf/utilities/pgfkeys.code.tex)) (/usr/local/texlive/2024/texmf-dist/tex/latex/pgf/math/pgfmath.sty (/usr/local/texlive/2024/texmf-dist/tex/generic/pgf/math/pgfmath.code.tex)) (/usr/local/texlive/2024/texmf-dist/tex/generic/pgf/utilities/pgffor.code.tex
Package: pgffor 2023-01-15 v3.1.10 (3.1.10)
\pgffor@iter=\dimen291
\pgffor@skip=\dimen292
\pgffor@stack=\toks53
\pgffor@toks=\toks54
)) (/usr/local/texlive/2024/texmf-dist/tex/generic/pgf/frontendlayer/tikz/tikz.code.tex
Package: tikz 2023-01-15 v3.1.10 (3.1.10)
 (/usr/local/texlive/2024/texmf-dist/tex/generic/pgf/libraries/pgflibraryplothandlers.code.tex
File: pgflibraryplothandlers.code.tex 2023-01-15 v3.1.10 (3.1.10)
\pgf@plot@mark@count=\count472
\pgfplotmarksize=\dimen293
)
\tikz@lastx=\dimen294
\tikz@lasty=\dimen295
\tikz@lastxsaved=\dimen296
\tikz@lastysaved=\dimen297
\tikz@lastmovetox=\dimen298
\tikz@lastmovetoy=\dimen299
\tikzleveldistance=\dimen300
\tikzsiblingdistance=\dimen301
\tikz@figbox=\box77
\tikz@figbox@bg=\box78
\tikz@tempbox=\box79
\tikz@tempbox@bg=\box80
\tikztreelevel=\count473
\tikznumberofchildren=\count474
\tikznumberofcurrentchild=\count475
\tikz@fig@count=\count476
 (/usr/local/texlive/2024/texmf-dist/tex/generic/pgf/modules/pgfmodulematrix.code.tex
File: pgfmodulematrix.code.tex 2023-01-15 v3.1.10 (3.1.10)
\pgfmatrixcurrentrow=\count477
\pgfmatrixcurrentcolumn=\count478
\pgf@matrix@numberofcolumns=\count479
)
\tikz@expandcount=\count480
 (/usr/local/texlive/2024/texmf-dist/tex/generic/pgf/frontendlayer/tikz/libraries/tikzlibrarytopaths.code.tex
File: tikzlibrarytopaths.code.tex 2023-01-15 v3.1.10 (3.1.10)
)))
./hw.sty:446: Undefined control sequence.
l.446 \ifnum\solutionson
                        =1
The control sequence at the end of the top line
of your error message was never \def'ed. If you have
misspelled it (e.g., `\hobx'), type `I' and the correct
spelling (e.g., `I\hbox'). Otherwise just continue,
and I'll forget about whatever was undefined.

./hw.sty:446: Missing number, treated as zero.
<to be read again> 
                   =
l.446 \ifnum\solutionson=
                         1
A number should have been here; I inserted `0'.
(If you can't figure out why I needed to see a number,
look up `weird error' in the index to The TeXbook.)

)

./main.tex:11: Package biblatex Error: Incompatible package 'backref'.

See the biblatex package documentation for explanation.
Type  H <return>  for immediate help.
 ...                                              
                                                  
l.11 \begin{document}
                     
The 'backref' package and biblatex are incompatible.

Package csquotes Info: Checking for multilingual support...
Package csquotes Info: ... none found.
(/Users/colecitrenbaum/Documents/GPs/gp-quadrature/polyagamma_classification/tex writeup/.texpadtmp/main.aux)
\openout1 = `main.aux'.

LaTeX Font Info:    Checking defaults for OML/npxmi/m/it on input line 11.
LaTeX Font Info:    Trying to load font information for OML+npxmi on input line 11.
 (/usr/local/texlive/2024/texmf-dist/tex/latex/newpx/omlnpxmi.fd
File: omlnpxmi.fd 2013/03/21 Fontinst v1.933 font definitions for OML/npxmi.
)
LaTeX Font Info:    ... okay on input line 11.
LaTeX Font Info:    Checking defaults for OMS/cmsy/m/n on input line 11.
LaTeX Font Info:    ... okay on input line 11.
LaTeX Font Info:    Checking defaults for OT1/cmr/m/n on input line 11.
LaTeX Font Info:    ... okay on input line 11.
LaTeX Font Info:    Checking defaults for T1/cmr/m/n on input line 11.
LaTeX Font Info:    ... okay on input line 11.
LaTeX Font Info:    Checking defaults for TS1/cmr/m/n on input line 11.
LaTeX Font Info:    Trying to load font information for TS1+cmr on input line 11.
 (/usr/local/texlive/2024/texmf-dist/tex/latex/base/ts1cmr.fd
File: ts1cmr.fd 2023/04/13 v2.5m Standard LaTeX font definitions
)
LaTeX Font Info:    ... okay on input line 11.
LaTeX Font Info:    Checking defaults for TU/lmr/m/n on input line 11.
LaTeX Font Info:    ... okay on input line 11.
LaTeX Font Info:    Checking defaults for OMX/cmex/m/n on input line 11.
LaTeX Font Info:    ... okay on input line 11.
LaTeX Font Info:    Checking defaults for U/npxexa/m/n on input line 11.
LaTeX Font Info:    Trying to load font information for U+npxexa on input line 11.
 (/usr/local/texlive/2024/texmf-dist/tex/latex/newpx/unpxexa.fd
File: unpxexa.fd 2013/03/24 Fontinst v1.933 font definitions for U/npxexa.
)
LaTeX Font Info:    ... okay on input line 11.
LaTeX Font Info:    Checking defaults for PD1/pdf/m/n on input line 11.
LaTeX Font Info:    ... okay on input line 11.
LaTeX Font Info:    Checking defaults for PU/pdf/m/n on input line 11.
LaTeX Font Info:    ... okay on input line 11.
LaTeX Font Info:    Checking defaults for LMS/npxsy/m/n on input line 11.
LaTeX Font Info:    Trying to load font information for LMS+npxsy on input line 11.
 (/usr/local/texlive/2024/texmf-dist/tex/latex/newpx/lmsnpxsy.fd
File: lmsnpxsy.fd 2016/07/04 Fontinst v1.933 font definitions for LMS/npxsy.
)
LaTeX Font Info:    ... okay on input line 11.
LaTeX Font Info:    Checking defaults for LMX/npxexx/m/n on input line 11.
LaTeX Font Info:    Trying to load font information for LMX+npxexx on input line 11.
 (/usr/local/texlive/2024/texmf-dist/tex/latex/newpx/lmxnpxexx.fd
File: lmxnpxexx.fd 2016/07/04 Fontinst v1.933 font definitions for LMX/npxexx.
)
LaTeX Font Info:    ... okay on input line 11.
Package biblatex Info: Trying to load language 'english'...
Package biblatex Info: ... file 'english.lbx' found.
 (/usr/local/texlive/2024/texmf-dist/tex/latex/biblatex/lbx/english.lbx
File: english.lbx 2023/03/05 v3.19 biblatex localization (PK/MW)
)
Package biblatex Info: XeTeX detected.
(biblatex)             Assuming input encoding 'utf8'.
Package biblatex Info: Automatic encoding selection.
(biblatex)             Assuming data encoding 'utf8'.
\openout3 = `main.bcf'.

Package biblatex Info: Trying to load bibliographic data...
Package biblatex Info: ... file 'main.bbl' found.
 (./main.bbl)
Package biblatex Info: Reference section=0 on input line 11.
Package biblatex Info: Reference segment=0 on input line 11.
LaTeX Info: Command `\dddot' is already robust on input line 11.
LaTeX Info: Command `\ddddot' is already robust on input line 11.
Package backref Info: ** backref set up for natbib ** on input line 11.
Package hyperref Info: Link coloring ON on input line 11.
 (/Users/colecitrenbaum/Documents/GPs/gp-quadrature/polyagamma_classification/tex writeup/.texpadtmp/main.out) (/Users/colecitrenbaum/Documents/GPs/gp-quadrature/polyagamma_classification/tex writeup/.texpadtmp/main.out)
\@outlinefile=\write5
\openout5 = `main.out'.



Package hyperref Warning: Rerun to get /PageLabels entry.

*geometry* driver: auto-detecting
*geometry* detected driver: xetex
*geometry* verbose mode - [ preamble ] result:
* driver: xetex
* paper: letterpaper
* layout: <same size as paper>
* layoutoffset:(h,v)=(0.0pt,0.0pt)
* modes: 
* h-part:(L,W,R)=(72.26999pt, 469.75502pt, 72.26999pt)
* v-part:(T,H,B)=(72.26999pt, 650.43001pt, 72.26999pt)
* \paperwidth=614.295pt
* \paperheight=794.96999pt
* \textwidth=469.75502pt
* \textheight=650.43001pt
* \oddsidemargin=0.0pt
* \evensidemargin=0.0pt
* \topmargin=-37.0pt
* \headheight=12.0pt
* \headsep=25.0pt
* \topskip=10.0pt
* \footskip=30.0pt
* \marginparwidth=65.0pt
* \marginparsep=11.0pt
* \columnsep=10.0pt
* \skip\footins=9.0pt plus 4.0pt minus 2.0pt
* \hoffset=0.0pt
* \voffset=0.0pt
* \mag=1000
* \@twocolumnfalse
* \@twosidefalse
* \@mparswitchfalse
* \@reversemarginfalse
* (1in=72.27pt=25.4mm, 1cm=28.453pt)

Package caption Info: Begin \AtBeginDocument code.
Package caption Info: End \AtBeginDocument code.
./main.tex:14: Font TU/NotoSerif(0)/m/n/17.28="Noto Serif" at 17.28pt not loadable: Metric (TFM) file or installed font not found.
<to be read again> 
                   relax 
l.14 
     
I wasn't able to read the size data for this font,
so I will ignore the font specification.
[Wizards can fix TFM files using TFtoPL/PLtoTF.]
You might try inserting a different font spec;
e.g., type `I\font<same font id>=<substitute font name>'.

Missing character: There is no P ("50) in font nullfont!
Missing character: There is no o ("6F) in font nullfont!
Missing character: There is no l ("6C) in font nullfont!
Missing character: There is no y ("79) in font nullfont!
Missing character: There is no a ("61) in font nullfont!
Missing character: There is no g ("67) in font nullfont!
Missing character: There is no a ("61) in font nullfont!
Missing character: There is no m ("6D) in font nullfont!
Missing character: There is no m ("6D) in font nullfont!
Missing character: There is no a ("61) in font nullfont!
Missing character: There is no A ("41) in font nullfont!
Missing character: There is no u ("75) in font nullfont!
Missing character: There is no g ("67) in font nullfont!
Missing character: There is no m ("6D) in font nullfont!
Missing character: There is no e ("65) in font nullfont!
Missing character: There is no n ("6E) in font nullfont!
Missing character: There is no t ("74) in font nullfont!
Missing character: There is no a ("61) in font nullfont!
Missing character: There is no t ("74) in font nullfont!
Missing character: There is no i ("69) in font nullfont!
Missing character: There is no o ("6F) in font nullfont!
Missing character: There is no n ("6E) in font nullfont!
Missing character: There is no i ("69) in font nullfont!
Missing character: There is no n ("6E) in font nullfont!
Missing character: There is no G ("47) in font nullfont!
Missing character: There is no P ("50) in font nullfont!
Missing character: There is no C ("43) in font nullfont!
Missing character: There is no l ("6C) in font nullfont!
Missing character: There is no a ("61) in font nullfont!
Missing character: There is no s ("73) in font nullfont!
Missing character: There is no s ("73) in font nullfont!
Missing character: There is no i ("69) in font nullfont!
Missing character: There is no f ("66) in font nullfont!
Missing character: There is no i ("69) in font nullfont!
Missing character: There is no c ("63) in font nullfont!
Missing character: There is no a ("61) in font nullfont!
Missing character: There is no t ("74) in font nullfont!
Missing character: There is no i ("69) in font nullfont!
Missing character: There is no o ("6F) in font nullfont!
Missing character: There is no n ("6E) in font nullfont!
Missing character: There is no u ("75) in font nullfont!
Missing character: There is no s ("73) in font nullfont!
Missing character: There is no i ("69) in font nullfont!
Missing character: There is no n ("6E) in font nullfont!
Missing character: There is no g ("67) in font nullfont!
Missing character: There is no E ("45) in font nullfont!
Missing character: There is no q ("71) in font nullfont!
Missing character: There is no u ("75) in font nullfont!
Missing character: There is no i ("69) in font nullfont!
Missing character: There is no s ("73) in font nullfont!
Missing character: There is no p ("70) in font nullfont!
Missing character: There is no a ("61) in font nullfont!
Missing character: There is no c ("63) in font nullfont!
Missing character: There is no e ("65) in font nullfont!
Missing character: There is no d ("64) in font nullfont!
Missing character: There is no F ("46) in font nullfont!
Missing character: There is no o ("6F) in font nullfont!
Missing character: There is no u ("75) in font nullfont!
Missing character: There is no r ("72) in font nullfont!
Missing character: There is no i ("69) in font nullfont!
Missing character: There is no e ("65) in font nullfont!
Missing character: There is no r ("72) in font nullfont!
Missing character: There is no F ("46) in font nullfont!
Missing character: There is no e ("65) in font nullfont!
Missing character: There is no a ("61) in font nullfont!
Missing character: There is no t ("74) in font nullfont!
Missing character: There is no u ("75) in font nullfont!
Missing character: There is no r ("72) in font nullfont!
Missing character: There is no e ("65) in font nullfont!
Missing character: There is no s ("73) in font nullfont!
Missing character: There is no C ("43) in font nullfont!
Missing character: There is no o ("6F) in font nullfont!
Missing character: There is no l ("6C) in font nullfont!
Missing character: There is no e ("65) in font nullfont!
Missing character: There is no C ("43) in font nullfont!
Missing character: There is no i ("69) in font nullfont!
Missing character: There is no t ("74) in font nullfont!
Missing character: There is no r ("72) in font nullfont!
Missing character: There is no e ("65) in font nullfont!
Missing character: There is no n ("6E) in font nullfont!
Missing character: There is no b ("62) in font nullfont!
Missing character: There is no a ("61) in font nullfont!
Missing character: There is no u ("75) in font nullfont!
Missing character: There is no m ("6D) in font nullfont!
Missing character: There is no M ("4D) in font nullfont!
Missing character: There is no a ("61) in font nullfont!
Missing character: There is no y ("79) in font nullfont!
Missing character: There is no 2 ("32) in font nullfont!
Missing character: There is no 0 ("30) in font nullfont!
Missing character: There is no 2 ("32) in font nullfont!
Missing character: There is no 5 ("35) in font nullfont!
./main.tex:15: Font TU/NotoSerif(0)/m/n/12="Noto Serif" at 12.0pt not loadable: Metric (TFM) file or installed font not found.
<to be read again> 
                   relax 
l.15 \tableofcontents
                       % This generates the table of contents
I wasn't able to read the size data for this font,
so I will ignore the font specification.
[Wizards can fix TFM files using TFtoPL/PLtoTF.]
You might try inserting a different font spec;
e.g., type `I\font<same font id>=<substitute font name>'.


LaTeX Font Warning: Font shape `TU/NotoSerif(0)/b/n' undefined
(Font)              using `TU/NotoSerif(0)/bx/n' instead on input line 15.


LaTeX Font Warning: Font shape `TU/NotoSerif(0)/bx/n' undefined
(Font)              using `TU/NotoSerif(0)/m/n' instead on input line 15.

Missing character: There is no C ("43) in font nullfont!
Missing character: There is no o ("6F) in font nullfont!
Missing character: There is no n ("6E) in font nullfont!
Missing character: There is no t ("74) in font nullfont!
Missing character: There is no e ("65) in font nullfont!
Missing character: There is no n ("6E) in font nullfont!
Missing character: There is no t ("74) in font nullfont!
Missing character: There is no s ("73) in font nullfont!
(/Users/colecitrenbaum/Documents/GPs/gp-quadrature/polyagamma_classification/tex writeup/.texpadtmp/main.toc)
\tf@toc=\write6
\openout6 = `main.toc'.



LaTeX Font Warning: Font shape `TU/NotoSerif(0)/b/n' undefined
(Font)              using `TU/NotoSerif(0)/bx/n' instead on input line 21.

./main.tex:21: Font TU/NotoSerif(0)/bx/n/12="Noto Serif" at 12.0pt not loadable: Metric (TFM) file or installed font not found.
<to be read again> 
                   relax 
l.21 \section{Background}
                         
I wasn't able to read the size data for this font,
so I will ignore the font specification.
[Wizards can fix TFM files using TFtoPL/PLtoTF.]
You might try inserting a different font spec;
e.g., type `I\font<same font id>=<substitute font name>'.

Missing character: There is no 1 ("31) in font nullfont!
Missing character: There is no B ("42) in font nullfont!
Missing character: There is no a ("61) in font nullfont!
Missing character: There is no c ("63) in font nullfont!
Missing character: There is no k ("6B) in font nullfont!
Missing character: There is no g ("67) in font nullfont!
Missing character: There is no r ("72) in font nullfont!
Missing character: There is no o ("6F) in font nullfont!
Missing character: There is no u ("75) in font nullfont!
Missing character: There is no n ("6E) in font nullfont!
Missing character: There is no d ("64) in font nullfont!

LaTeX Font Warning: Font shape `TU/NotoSerif(0)/b/n' undefined
(Font)              using `TU/NotoSerif(0)/bx/n' instead on input line 23.

Missing character: There is no 1 ("31) in font nullfont!
Missing character: There is no . ("2E) in font nullfont!
Missing character: There is no 1 ("31) in font nullfont!
Missing character: There is no G ("47) in font nullfont!
Missing character: There is no P ("50) in font nullfont!
Missing character: There is no s ("73) in font nullfont!
Missing character: There is no e ("65) in font nullfont!
Missing character: There is no t ("74) in font nullfont!
Missing character: There is no u ("75) in font nullfont!
Missing character: There is no p ("70) in font nullfont!
Missing character: There is no A ("41) in font nullfont!
Missing character: There is no s ("73) in font nullfont!
Missing character: There is no s ("73) in font nullfont!
Missing character: There is no u ("75) in font nullfont!
Missing character: There is no m ("6D) in font nullfont!
Missing character: There is no e ("65) in font nullfont!
LaTeX Font Info:    Trying to load font information for OT1+lmr on input line 24.
(/usr/local/texlive/2024/texmf-dist/tex/latex/lm/ot1lmr.fd
File: ot1lmr.fd 2015/05/01 v1.6.1 Font defs for Latin Modern
)
LaTeX Font Info:    Trying to load font information for U+msa on input line 24.
 (/usr/local/texlive/2024/texmf-dist/tex/latex/amsfonts/umsa.fd
File: umsa.fd 2013/01/14 v3.01 AMS symbols A
)
LaTeX Font Info:    Trying to load font information for U+msb on input line 24.
 (/usr/local/texlive/2024/texmf-dist/tex/latex/amsfonts/umsb.fd
File: umsb.fd 2013/01/14 v3.01 AMS symbols B
)
LaTeX Font Info:    Trying to load font information for U+npxmia on input line 24.
 (/usr/local/texlive/2024/texmf-dist/tex/latex/newpx/unpxmia.fd
File: unpxmia.fd 2013/03/24 Fontinst v1.933 font definitions for U/npxmia.
)
LaTeX Font Info:    Trying to load font information for U+npxsym on input line 24.
 (/usr/local/texlive/2024/texmf-dist/tex/latex/newpx/unpxsym.fd
File: unpxsym.fd 2023/08/16 Fontinst v1.933 font definitions for U/npxsym.
)
LaTeX Font Info:    Trying to load font information for U+npxsyc on input line 24.
 (/usr/local/texlive/2024/texmf-dist/tex/latex/newpx/unpxsyc.fd
File: unpxsyc.fd 2013/03/24 Fontinst v1.933 font definitions for U/npxsyc.
)
./main.tex:24: Font TU/NotoSerif(0)/m/n/7.3="Noto Serif" at 7.3pt not loadable: Metric (TFM) file or installed font not found.
<to be read again> 
                   relax 
l.24 Assume $(
              x_i,y_i)\in \R^d \times \{0,1\}$ observations come from:
I wasn't able to read the size data for this font,
so I will ignore the font specification.
[Wizards can fix TFM files using TFtoPL/PLtoTF.]
You might try inserting a different font spec;
e.g., type `I\font<same font id>=<substitute font name>'.

./main.tex:24: Font TU/NotoSerif(0)/m/n/5.5="Noto Serif" at 5.5pt not loadable: Metric (TFM) file or installed font not found.
<to be read again> 
                   relax 
l.24 Assume $(
              x_i,y_i)\in \R^d \times \{0,1\}$ observations come from:
I wasn't able to read the size data for this font,
so I will ignore the font specification.
[Wizards can fix TFM files using TFtoPL/PLtoTF.]
You might try inserting a different font spec;
e.g., type `I\font<same font id>=<substitute font name>'.


LaTeX Font Warning: Font shape `TU/NotoSerif(0)/m/it' undefined
(Font)              using `TU/NotoSerif(0)/m/n' instead on input line 24.

./main.tex:24: Font TU/NotoSerif(0)/m/it/7.3="Noto Serif" at 7.3pt not loadable: Metric (TFM) file or installed font not found.
<to be read again> 
                   relax 
l.24 Assume $(
              x_i,y_i)\in \R^d \times \{0,1\}$ observations come from:
I wasn't able to read the size data for this font,
so I will ignore the font specification.
[Wizards can fix TFM files using TFtoPL/PLtoTF.]
You might try inserting a different font spec;
e.g., type `I\font<same font id>=<substitute font name>'.

./main.tex:24: Font TU/NotoSerif(0)/m/it/5.5="Noto Serif" at 5.5pt not loadable: Metric (TFM) file or installed font not found.
<to be read again> 
                   relax 
l.24 Assume $(
              x_i,y_i)\in \R^d \times \{0,1\}$ observations come from:
I wasn't able to read the size data for this font,
so I will ignore the font specification.
[Wizards can fix TFM files using TFtoPL/PLtoTF.]
You might try inserting a different font spec;
e.g., type `I\font<same font id>=<substitute font name>'.

./main.tex:24: \textfont 12 is undefined (character x).
l.24 Assume $(x_i,y_i)\in \R^d \times \{0,1\}$
                                               observations come from:
Somewhere in the math formula just ended, you used the
stated character from an undefined font family. For example,
plain TeX doesn't allow \it or \sl in subscripts. Proceed,
and I'll try to forget that I needed that character.

./main.tex:24: \scriptfont 12 is undefined (character i).
l.24 Assume $(x_i,y_i)\in \R^d \times \{0,1\}$
                                               observations come from:
Somewhere in the math formula just ended, you used the
stated character from an undefined font family. For example,
plain TeX doesn't allow \it or \sl in subscripts. Proceed,
and I'll try to forget that I needed that character.

./main.tex:24: \textfont 12 is undefined (character y).
l.24 Assume $(x_i,y_i)\in \R^d \times \{0,1\}$
                                               observations come from:
Somewhere in the math formula just ended, you used the
stated character from an undefined font family. For example,
plain TeX doesn't allow \it or \sl in subscripts. Proceed,
and I'll try to forget that I needed that character.

./main.tex:24: \scriptfont 12 is undefined (character i).
l.24 Assume $(x_i,y_i)\in \R^d \times \{0,1\}$
                                               observations come from:
Somewhere in the math formula just ended, you used the
stated character from an undefined font family. For example,
plain TeX doesn't allow \it or \sl in subscripts. Proceed,
and I'll try to forget that I needed that character.

./main.tex:24: \scriptfont 12 is undefined (character d).
l.24 Assume $(x_i,y_i)\in \R^d \times \{0,1\}$
                                               observations come from:
Somewhere in the math formula just ended, you used the
stated character from an undefined font family. For example,
plain TeX doesn't allow \it or \sl in subscripts. Proceed,
and I'll try to forget that I needed that character.

./main.tex:24: \textfont 10 is undefined (character 0).
l.24 Assume $(x_i,y_i)\in \R^d \times \{0,1\}$
                                               observations come from:
Somewhere in the math formula just ended, you used the
stated character from an undefined font family. For example,
plain TeX doesn't allow \it or \sl in subscripts. Proceed,
and I'll try to forget that I needed that character.

./main.tex:24: \textfont 10 is undefined (character 1).
l.24 Assume $(x_i,y_i)\in \R^d \times \{0,1\}$
                                               observations come from:
Somewhere in the math formula just ended, you used the
stated character from an undefined font family. For example,
plain TeX doesn't allow \it or \sl in subscripts. Proceed,
and I'll try to forget that I needed that character.

Missing character: There is no o ("6F) in font nullfont!
Missing character: There is no b ("62) in font nullfont!
Missing character: There is no s ("73) in font nullfont!
Missing character: There is no e ("65) in font nullfont!
Missing character: There is no r ("72) in font nullfont!
Missing character: There is no v ("76) in font nullfont!
Missing character: There is no a ("61) in font nullfont!
Missing character: There is no t ("74) in font nullfont!
Missing character: There is no i ("69) in font nullfont!
Missing character: There is no o ("6F) in font nullfont!
Missing character: There is no n ("6E) in font nullfont!
Missing character: There is no s ("73) in font nullfont!
Missing character: There is no c ("63) in font nullfont!
Missing character: There is no o ("6F) in font nullfont!
Missing character: There is no m ("6D) in font nullfont!
Missing character: There is no e ("65) in font nullfont!
Missing character: There is no f ("66) in font nullfont!
Missing character: There is no r ("72) in font nullfont!
Missing character: There is no o ("6F) in font nullfont!
Missing character: There is no m ("6D) in font nullfont!
Missing character: There is no : ("3A) in font nullfont!
Missing character: There is no i ("69) in font nullfont!
Missing character: There is no n ("6E) in font nullfont!
Missing character: There is no d ("64) in font nullfont!
Missing character: There is no e ("65) in font nullfont!
Missing character: There is no p ("70) in font nullfont!
Missing character: There is no e ("65) in font nullfont!
Missing character: There is no n ("6E) in font nullfont!
Missing character: There is no d ("64) in font nullfont!
Missing character: There is no e ("65) in font nullfont!
Missing character: There is no n ("6E) in font nullfont!
Missing character: There is no t ("74) in font nullfont!
Missing character: There is no l ("6C) in font nullfont!
Missing character: There is no y ("79) in font nullfont!
Missing character: There is no i ("69) in font nullfont!
Missing character: There is no n ("6E) in font nullfont!
Missing character: There is no d ("64) in font nullfont!
Missing character: There is no e ("65) in font nullfont!
Missing character: There is no p ("70) in font nullfont!
Missing character: There is no e ("65) in font nullfont!
Missing character: There is no n ("6E) in font nullfont!
Missing character: There is no d ("64) in font nullfont!
Missing character: There is no e ("65) in font nullfont!
Missing character: There is no n ("6E) in font nullfont!
Missing character: There is no t ("74) in font nullfont!
Missing character: There is no l ("6C) in font nullfont!
Missing character: There is no y ("79) in font nullfont!
Missing character: There is no i ("69) in font nullfont!
Missing character: There is no n ("6E) in font nullfont!
Missing character: There is no d ("64) in font nullfont!
Missing character: There is no e ("65) in font nullfont!
Missing character: There is no p ("70) in font nullfont!
Missing character: There is no e ("65) in font nullfont!
Missing character: There is no n ("6E) in font nullfont!
Missing character: There is no d ("64) in font nullfont!
Missing character: There is no e ("65) in font nullfont!
Missing character: There is no n ("6E) in font nullfont!
Missing character: There is no t ("74) in font nullfont!
Missing character: There is no l ("6C) in font nullfont!
Missing character: There is no y ("79) in font nullfont!
Missing character: There is no i ("69) in font nullfont!
Missing character: There is no n ("6E) in font nullfont!
Missing character: There is no d ("64) in font nullfont!
Missing character: There is no e ("65) in font nullfont!
Missing character: There is no p ("70) in font nullfont!
Missing character: There is no e ("65) in font nullfont!
Missing character: There is no n ("6E) in font nullfont!
Missing character: There is no d ("64) in font nullfont!
Missing character: There is no e ("65) in font nullfont!
Missing character: There is no n ("6E) in font nullfont!
Missing character: There is no t ("74) in font nullfont!
Missing character: There is no l ("6C) in font nullfont!
Missing character: There is no y ("79) in font nullfont!
./main.tex:27: \textfont 12 is undefined (character y).
l.27 \quad\text{independently}$$
                                
Somewhere in the math formula just ended, you used the
stated character from an undefined font family. For example,
plain TeX doesn't allow \it or \sl in subscripts. Proceed,
and I'll try to forget that I needed that character.

./main.tex:27: \scriptfont 12 is undefined (character i).
l.27 \quad\text{independently}$$
                                
Somewhere in the math formula just ended, you used the
stated character from an undefined font family. For example,
plain TeX doesn't allow \it or \sl in subscripts. Proceed,
and I'll try to forget that I needed that character.

./main.tex:27: \textfont 12 is undefined (character f).
l.27 \quad\text{independently}$$
                                
Somewhere in the math formula just ended, you used the
stated character from an undefined font family. For example,
plain TeX doesn't allow \it or \sl in subscripts. Proceed,
and I'll try to forget that I needed that character.

./main.tex:27: \textfont 12 is undefined (character x).
l.27 \quad\text{independently}$$
                                
Somewhere in the math formula just ended, you used the
stated character from an undefined font family. For example,
plain TeX doesn't allow \it or \sl in subscripts. Proceed,
and I'll try to forget that I needed that character.

./main.tex:27: \textfont 16 is undefined (character B).
l.27 \quad\text{independently}$$
                                
Somewhere in the math formula just ended, you used the
stated character from an undefined font family. For example,
plain TeX doesn't allow \it or \sl in subscripts. Proceed,
and I'll try to forget that I needed that character.

./main.tex:27: \textfont 16 is undefined (character e).
l.27 \quad\text{independently}$$
                                
Somewhere in the math formula just ended, you used the
stated character from an undefined font family. For example,
plain TeX doesn't allow \it or \sl in subscripts. Proceed,
and I'll try to forget that I needed that character.

./main.tex:27: \textfont 16 is undefined (character r).
l.27 \quad\text{independently}$$
                                
Somewhere in the math formula just ended, you used the
stated character from an undefined font family. For example,
plain TeX doesn't allow \it or \sl in subscripts. Proceed,
and I'll try to forget that I needed that character.

./main.tex:27: \textfont 16 is undefined (character n).
l.27 \quad\text{independently}$$
                                
Somewhere in the math formula just ended, you used the
stated character from an undefined font family. For example,
plain TeX doesn't allow \it or \sl in subscripts. Proceed,
and I'll try to forget that I needed that character.

./main.tex:27: \textfont 12 is undefined (character f).
l.27 \quad\text{independently}$$
                                
Somewhere in the math formula just ended, you used the
stated character from an undefined font family. For example,
plain TeX doesn't allow \it or \sl in subscripts. Proceed,
and I'll try to forget that I needed that character.

./main.tex:27: \textfont 12 is undefined (character x).
l.27 \quad\text{independently}$$
                                
Somewhere in the math formula just ended, you used the
stated character from an undefined font family. For example,
plain TeX doesn't allow \it or \sl in subscripts. Proceed,
and I'll try to forget that I needed that character.

./main.tex:27: \scriptfont 12 is undefined (character i).
l.27 \quad\text{independently}$$
                                
Somewhere in the math formula just ended, you used the
stated character from an undefined font family. For example,
plain TeX doesn't allow \it or \sl in subscripts. Proceed,
and I'll try to forget that I needed that character.

./main.tex:28: \textfont 12 is undefined (character f).
l.28 $$f \sim GP(0, K_\theta),$$
                                
Somewhere in the math formula just ended, you used the
stated character from an undefined font family. For example,
plain TeX doesn't allow \it or \sl in subscripts. Proceed,
and I'll try to forget that I needed that character.

./main.tex:28: \textfont 12 is undefined (character G).
l.28 $$f \sim GP(0, K_\theta),$$
                                
Somewhere in the math formula just ended, you used the
stated character from an undefined font family. For example,
plain TeX doesn't allow \it or \sl in subscripts. Proceed,
and I'll try to forget that I needed that character.

./main.tex:28: \textfont 12 is undefined (character P).
l.28 $$f \sim GP(0, K_\theta),$$
                                
Somewhere in the math formula just ended, you used the
stated character from an undefined font family. For example,
plain TeX doesn't allow \it or \sl in subscripts. Proceed,
and I'll try to forget that I needed that character.

./main.tex:28: \textfont 10 is undefined (character 0).
l.28 $$f \sim GP(0, K_\theta),$$
                                
Somewhere in the math formula just ended, you used the
stated character from an undefined font family. For example,
plain TeX doesn't allow \it or \sl in subscripts. Proceed,
and I'll try to forget that I needed that character.

./main.tex:28: \textfont 12 is undefined (character K).
l.28 $$f \sim GP(0, K_\theta),$$
                                
Somewhere in the math formula just ended, you used the
stated character from an undefined font family. For example,
plain TeX doesn't allow \it or \sl in subscripts. Proceed,
and I'll try to forget that I needed that character.

Missing character: There is no O ("4F) in font nullfont!
Missing character: There is no u ("75) in font nullfont!
Missing character: There is no r ("72) in font nullfont!
Missing character: There is no g ("67) in font nullfont!
Missing character: There is no o ("6F) in font nullfont!
Missing character: There is no a ("61) in font nullfont!
Missing character: There is no l ("6C) in font nullfont!
Missing character: There is no i ("69) in font nullfont!
Missing character: There is no s ("73) in font nullfont!
Missing character: There is no t ("74) in font nullfont!
Missing character: There is no o ("6F) in font nullfont!
Missing character: There is no l ("6C) in font nullfont!
Missing character: There is no e ("65) in font nullfont!
Missing character: There is no a ("61) in font nullfont!
Missing character: There is no r ("72) in font nullfont!
Missing character: There is no n ("6E) in font nullfont!
Missing character: There is no h ("68) in font nullfont!
Missing character: There is no y ("79) in font nullfont!
Missing character: There is no p ("70) in font nullfont!
Missing character: There is no e ("65) in font nullfont!
Missing character: There is no r ("72) in font nullfont!
Missing character: There is no p ("70) in font nullfont!
Missing character: There is no a ("61) in font nullfont!
Missing character: There is no r ("72) in font nullfont!
Missing character: There is no a ("61) in font nullfont!
Missing character: There is no m ("6D) in font nullfont!
Missing character: There is no e ("65) in font nullfont!
Missing character: There is no t ("74) in font nullfont!
Missing character: There is no e ("65) in font nullfont!
Missing character: There is no r ("72) in font nullfont!
Missing character: There is no s ("73) in font nullfont!
Missing character: There is no , ("2C) in font nullfont!
Missing character: There is no t ("74) in font nullfont!
Missing character: There is no h ("68) in font nullfont!
Missing character: There is no e ("65) in font nullfont!
Missing character: There is no n ("6E) in font nullfont!
Missing character: There is no c ("63) in font nullfont!
Missing character: There is no o ("6F) in font nullfont!
Missing character: There is no m ("6D) in font nullfont!
Missing character: There is no p ("70) in font nullfont!
Missing character: There is no u ("75) in font nullfont!
Missing character: There is no t ("74) in font nullfont!
Missing character: There is no e ("65) in font nullfont!
Missing character: There is no t ("74) in font nullfont!
Missing character: There is no h ("68) in font nullfont!
Missing character: There is no e ("65) in font nullfont!
Missing character: There is no p ("70) in font nullfont!
Missing character: There is no r ("72) in font nullfont!
Missing character: There is no e ("65) in font nullfont!
Missing character: There is no d ("64) in font nullfont!
Missing character: There is no i ("69) in font nullfont!
Missing character: There is no c ("63) in font nullfont!
Missing character: There is no t ("74) in font nullfont!
Missing character: There is no i ("69) in font nullfont!
Missing character: There is no v ("76) in font nullfont!
Missing character: There is no e ("65) in font nullfont!
Missing character: There is no m ("6D) in font nullfont!
Missing character: There is no e ("65) in font nullfont!
Missing character: There is no a ("61) in font nullfont!
Missing character: There is no n ("6E) in font nullfont!
Missing character: There is no a ("61) in font nullfont!
Missing character: There is no n ("6E) in font nullfont!
Missing character: There is no d ("64) in font nullfont!
Missing character: There is no v ("76) in font nullfont!
Missing character: There is no a ("61) in font nullfont!
Missing character: There is no r ("72) in font nullfont!
Missing character: There is no i ("69) in font nullfont!
Missing character: There is no a ("61) in font nullfont!
Missing character: There is no n ("6E) in font nullfont!
Missing character: There is no c ("63) in font nullfont!
Missing character: There is no e ("65) in font nullfont!
Missing character: There is no . ("2E) in font nullfont!
Missing character: There is no T ("54) in font nullfont!
Missing character: There is no h ("68) in font nullfont!
Missing character: There is no r ("72) in font nullfont!
Missing character: There is no o ("6F) in font nullfont!
Missing character: There is no u ("75) in font nullfont!
Missing character: There is no g ("67) in font nullfont!
Missing character: There is no h ("68) in font nullfont!
Missing character: There is no o ("6F) in font nullfont!
Missing character: There is no u ("75) in font nullfont!
Missing character: There is no t ("74) in font nullfont!
Missing character: There is no w ("77) in font nullfont!
Missing character: There is no e ("65) in font nullfont!
Missing character: There is no u ("75) in font nullfont!
Missing character: There is no s ("73) in font nullfont!
Missing character: There is no e ("65) in font nullfont!
Missing character: There is no o ("6F) in font nullfont!
Missing character: There is no u ("75) in font nullfont!
Missing character: There is no r ("72) in font nullfont!
Missing character: There is no e ("65) in font nullfont!
Missing character: There is no q ("71) in font nullfont!
Missing character: There is no u ("75) in font nullfont!
Missing character: There is no i ("69) in font nullfont!
Missing character: There is no s ("73) in font nullfont!
Missing character: There is no p ("70) in font nullfont!
Missing character: There is no a ("61) in font nullfont!
Missing character: There is no c ("63) in font nullfont!
Missing character: There is no e ("65) in font nullfont!
Missing character: There is no d ("64) in font nullfont!
Missing character: There is no f ("66) in font nullfont!
Missing character: There is no o ("6F) in font nullfont!
Missing character: There is no u ("75) in font nullfont!
Missing character: There is no r ("72) in font nullfont!
Missing character: There is no i ("69) in font nullfont!
Missing character: There is no e ("65) in font nullfont!
Missing character: There is no r ("72) in font nullfont!
Missing character: There is no f ("66) in font nullfont!
Missing character: There is no e ("65) in font nullfont!
Missing character: There is no a ("61) in font nullfont!
Missing character: There is no t ("74) in font nullfont!
Missing character: There is no u ("75) in font nullfont!
Missing character: There is no r ("72) in font nullfont!
Missing character: There is no e ("65) in font nullfont!
Missing character: There is no b ("62) in font nullfont!
Missing character: There is no a ("61) in font nullfont!
Missing character: There is no s ("73) in font nullfont!
Missing character: There is no i ("69) in font nullfont!
Missing character: There is no s ("73) in font nullfont!
./main.tex:30: \textfont 12 is undefined (character K).
l.30 ...re basis $K \approx \Phi \Phi^* = FD^2F^*$
                                                  .
Somewhere in the math formula just ended, you used the
stated character from an undefined font family. For example,
plain TeX doesn't allow \it or \sl in subscripts. Proceed,
and I'll try to forget that I needed that character.

./main.tex:30: \textfont 12 is undefined (character F).
l.30 ...re basis $K \approx \Phi \Phi^* = FD^2F^*$
                                                  .
Somewhere in the math formula just ended, you used the
stated character from an undefined font family. For example,
plain TeX doesn't allow \it or \sl in subscripts. Proceed,
and I'll try to forget that I needed that character.

./main.tex:30: \textfont 12 is undefined (character D).
l.30 ...re basis $K \approx \Phi \Phi^* = FD^2F^*$
                                                  .
Somewhere in the math formula just ended, you used the
stated character from an undefined font family. For example,
plain TeX doesn't allow \it or \sl in subscripts. Proceed,
and I'll try to forget that I needed that character.

./main.tex:30: \scriptfont 10 is undefined (character 2).
l.30 ...re basis $K \approx \Phi \Phi^* = FD^2F^*$
                                                  .
Somewhere in the math formula just ended, you used the
stated character from an undefined font family. For example,
plain TeX doesn't allow \it or \sl in subscripts. Proceed,
and I'll try to forget that I needed that character.

./main.tex:30: \textfont 12 is undefined (character F).
l.30 ...re basis $K \approx \Phi \Phi^* = FD^2F^*$
                                                  .
Somewhere in the math formula just ended, you used the
stated character from an undefined font family. For example,
plain TeX doesn't allow \it or \sl in subscripts. Proceed,
and I'll try to forget that I needed that character.

Missing character: There is no . ("2E) in font nullfont!

LaTeX Font Warning: Font shape `TU/NotoSerif(0)/b/n' undefined
(Font)              using `TU/NotoSerif(0)/bx/n' instead on input line 32.

Missing character: There is no 1 ("31) in font nullfont!
Missing character: There is no . ("2E) in font nullfont!
Missing character: There is no 2 ("32) in font nullfont!
Missing character: There is no P ("50) in font nullfont!
Missing character: There is no o ("6F) in font nullfont!
Missing character: There is no l ("6C) in font nullfont!
Missing character: There is no y ("79) in font nullfont!
Missing character: There is no a ("61) in font nullfont!
Missing character: There is no g ("67) in font nullfont!
Missing character: There is no a ("61) in font nullfont!
Missing character: There is no m ("6D) in font nullfont!
Missing character: There is no m ("6D) in font nullfont!
Missing character: There is no a ("61) in font nullfont!
Missing character: There is no A ("41) in font nullfont!
Missing character: There is no u ("75) in font nullfont!
Missing character: There is no g ("67) in font nullfont!
Missing character: There is no m ("6D) in font nullfont!
Missing character: There is no e ("65) in font nullfont!
Missing character: There is no n ("6E) in font nullfont!
Missing character: There is no t ("74) in font nullfont!
Missing character: There is no a ("61) in font nullfont!
Missing character: There is no t ("74) in font nullfont!
Missing character: There is no i ("69) in font nullfont!
Missing character: There is no o ("6F) in font nullfont!
Missing character: There is no n ("6E) in font nullfont!
Missing character: There is no I ("49) in font nullfont!
Missing character: There is no n ("6E) in font nullfont!
Missing character: There is no t ("74) in font nullfont!
Missing character: There is no r ("72) in font nullfont!
Missing character: There is no o ("6F) in font nullfont!
Missing character: There is no d ("64) in font nullfont!
Missing character: There is no u ("75) in font nullfont!
Missing character: There is no c ("63) in font nullfont!
Missing character: There is no e ("65) in font nullfont!
Missing character: There is no a ("61) in font nullfont!
Missing character: There is no u ("75) in font nullfont!
Missing character: There is no x ("78) in font nullfont!
Missing character: There is no i ("69) in font nullfont!
Missing character: There is no l ("6C) in font nullfont!
Missing character: There is no i ("69) in font nullfont!
Missing character: There is no a ("61) in font nullfont!
Missing character: There is no r ("72) in font nullfont!
Missing character: There is no y ("79) in font nullfont!
./main.tex:34: \scriptfont 12 is undefined (character i).
l.34 $$\omega_i \sim PG(1,0)$$
                              .
Somewhere in the math formula just ended, you used the
stated character from an undefined font family. For example,
plain TeX doesn't allow \it or \sl in subscripts. Proceed,
and I'll try to forget that I needed that character.

./main.tex:34: \textfont 12 is undefined (character P).
l.34 $$\omega_i \sim PG(1,0)$$
                              .
Somewhere in the math formula just ended, you used the
stated character from an undefined font family. For example,
plain TeX doesn't allow \it or \sl in subscripts. Proceed,
and I'll try to forget that I needed that character.

./main.tex:34: \textfont 12 is undefined (character G).
l.34 $$\omega_i \sim PG(1,0)$$
                              .
Somewhere in the math formula just ended, you used the
stated character from an undefined font family. For example,
plain TeX doesn't allow \it or \sl in subscripts. Proceed,
and I'll try to forget that I needed that character.

./main.tex:34: \textfont 10 is undefined (character 1).
l.34 $$\omega_i \sim PG(1,0)$$
                              .
Somewhere in the math formula just ended, you used the
stated character from an undefined font family. For example,
plain TeX doesn't allow \it or \sl in subscripts. Proceed,
and I'll try to forget that I needed that character.

./main.tex:34: \textfont 10 is undefined (character 0).
l.34 $$\omega_i \sim PG(1,0)$$
                              .
Somewhere in the math formula just ended, you used the
stated character from an undefined font family. For example,
plain TeX doesn't allow \it or \sl in subscripts. Proceed,
and I'll try to forget that I needed that character.

Missing character: There is no . ("2E) in font nullfont!
Missing character: There is no U ("55) in font nullfont!
Missing character: There is no s ("73) in font nullfont!
Missing character: There is no e ("65) in font nullfont!
Missing character: There is no t ("74) in font nullfont!
Missing character: There is no w ("77) in font nullfont!
Missing character: There is no o ("6F) in font nullfont!
Missing character: There is no i ("69) in font nullfont!
Missing character: There is no d ("64) in font nullfont!
Missing character: There is no e ("65) in font nullfont!
Missing character: There is no n ("6E) in font nullfont!
Missing character: There is no t ("74) in font nullfont!
Missing character: There is no i ("69) in font nullfont!
Missing character: There is no t ("74) in font nullfont!
Missing character: There is no i ("69) in font nullfont!
Missing character: There is no e ("65) in font nullfont!
Missing character: There is no s ("73) in font nullfont!
Missing character: There is no : ("3A) in font nullfont!
Missing character: There is no 1 ("31) in font nullfont!
Missing character: There is no . ("2E) in font nullfont!
./main.tex:36: \scriptfont 12 is undefined (character e).
l.36 ...}{2} \omega u^2) PG(\omega| 1,0) d\omega $
                                                  
Somewhere in the math formula just ended, you used the
stated character from an undefined font family. For example,
plain TeX doesn't allow \it or \sl in subscripts. Proceed,
and I'll try to forget that I needed that character.

./main.tex:36: \scriptscriptfont 12 is undefined (character u).
l.36 ...}{2} \omega u^2) PG(\omega| 1,0) d\omega $
                                                  
Somewhere in the math formula just ended, you used the
stated character from an undefined font family. For example,
plain TeX doesn't allow \it or \sl in subscripts. Proceed,
and I'll try to forget that I needed that character.

./main.tex:36: \scriptscriptfont 12 is undefined (character y).
l.36 ...}{2} \omega u^2) PG(\omega| 1,0) d\omega $
                                                  
Somewhere in the math formula just ended, you used the
stated character from an undefined font family. For example,
plain TeX doesn't allow \it or \sl in subscripts. Proceed,
and I'll try to forget that I needed that character.

./main.tex:36: \scriptfont 10 is undefined (character 1).
l.36 ...}{2} \omega u^2) PG(\omega| 1,0) d\omega $
                                                  
Somewhere in the math formula just ended, you used the
stated character from an undefined font family. For example,
plain TeX doesn't allow \it or \sl in subscripts. Proceed,
and I'll try to forget that I needed that character.

./main.tex:36: \scriptfont 12 is undefined (character e).
l.36 ...}{2} \omega u^2) PG(\omega| 1,0) d\omega $
                                                  
Somewhere in the math formula just ended, you used the
stated character from an undefined font family. For example,
plain TeX doesn't allow \it or \sl in subscripts. Proceed,
and I'll try to forget that I needed that character.

./main.tex:36: \scriptscriptfont 12 is undefined (character u).
l.36 ...}{2} \omega u^2) PG(\omega| 1,0) d\omega $
                                                  
Somewhere in the math formula just ended, you used the
stated character from an undefined font family. For example,
plain TeX doesn't allow \it or \sl in subscripts. Proceed,
and I'll try to forget that I needed that character.

./main.tex:36: \scriptfont 10 is undefined (character 1).
l.36 ...}{2} \omega u^2) PG(\omega| 1,0) d\omega $
                                                  
Somewhere in the math formula just ended, you used the
stated character from an undefined font family. For example,
plain TeX doesn't allow \it or \sl in subscripts. Proceed,
and I'll try to forget that I needed that character.

./main.tex:36: \scriptfont 10 is undefined (character 2).
l.36 ...}{2} \omega u^2) PG(\omega| 1,0) d\omega $
                                                  
Somewhere in the math formula just ended, you used the
stated character from an undefined font family. For example,
plain TeX doesn't allow \it or \sl in subscripts. Proceed,
and I'll try to forget that I needed that character.

./main.tex:36: \textfont 13 is undefined (character e).
l.36 ...}{2} \omega u^2) PG(\omega| 1,0) d\omega $
                                                  
Somewhere in the math formula just ended, you used the
stated character from an undefined font family. For example,
plain TeX doesn't allow \it or \sl in subscripts. Proceed,
and I'll try to forget that I needed that character.

./main.tex:36: \textfont 13 is undefined (character x).
l.36 ...}{2} \omega u^2) PG(\omega| 1,0) d\omega $
                                                  
Somewhere in the math formula just ended, you used the
stated character from an undefined font family. For example,
plain TeX doesn't allow \it or \sl in subscripts. Proceed,
and I'll try to forget that I needed that character.

./main.tex:36: \textfont 13 is undefined (character p).
l.36 ...}{2} \omega u^2) PG(\omega| 1,0) d\omega $
                                                  
Somewhere in the math formula just ended, you used the
stated character from an undefined font family. For example,
plain TeX doesn't allow \it or \sl in subscripts. Proceed,
and I'll try to forget that I needed that character.

./main.tex:36: \textfont 12 is undefined (character y).
l.36 ...}{2} \omega u^2) PG(\omega| 1,0) d\omega $
                                                  
Somewhere in the math formula just ended, you used the
stated character from an undefined font family. For example,
plain TeX doesn't allow \it or \sl in subscripts. Proceed,
and I'll try to forget that I needed that character.

./main.tex:36: \scriptfont 10 is undefined (character 1).
l.36 ...}{2} \omega u^2) PG(\omega| 1,0) d\omega $
                                                  
Somewhere in the math formula just ended, you used the
stated character from an undefined font family. For example,
plain TeX doesn't allow \it or \sl in subscripts. Proceed,
and I'll try to forget that I needed that character.

./main.tex:36: \scriptfont 10 is undefined (character 2).
l.36 ...}{2} \omega u^2) PG(\omega| 1,0) d\omega $
                                                  
Somewhere in the math formula just ended, you used the
stated character from an undefined font family. For example,
plain TeX doesn't allow \it or \sl in subscripts. Proceed,
and I'll try to forget that I needed that character.

./main.tex:36: \textfont 12 is undefined (character u).
l.36 ...}{2} \omega u^2) PG(\omega| 1,0) d\omega $
                                                  
Somewhere in the math formula just ended, you used the
stated character from an undefined font family. For example,
plain TeX doesn't allow \it or \sl in subscripts. Proceed,
and I'll try to forget that I needed that character.

./main.tex:36: \textfont 13 is undefined (character e).
l.36 ...}{2} \omega u^2) PG(\omega| 1,0) d\omega $
                                                  
Somewhere in the math formula just ended, you used the
stated character from an undefined font family. For example,
plain TeX doesn't allow \it or \sl in subscripts. Proceed,
and I'll try to forget that I needed that character.

./main.tex:36: \textfont 13 is undefined (character x).
l.36 ...}{2} \omega u^2) PG(\omega| 1,0) d\omega $
                                                  
Somewhere in the math formula just ended, you used the
stated character from an undefined font family. For example,
plain TeX doesn't allow \it or \sl in subscripts. Proceed,
and I'll try to forget that I needed that character.

./main.tex:36: \textfont 13 is undefined (character p).
l.36 ...}{2} \omega u^2) PG(\omega| 1,0) d\omega $
                                                  
Somewhere in the math formula just ended, you used the
stated character from an undefined font family. For example,
plain TeX doesn't allow \it or \sl in subscripts. Proceed,
and I'll try to forget that I needed that character.

./main.tex:36: \scriptfont 10 is undefined (character 1).
l.36 ...}{2} \omega u^2) PG(\omega| 1,0) d\omega $
                                                  
Somewhere in the math formula just ended, you used the
stated character from an undefined font family. For example,
plain TeX doesn't allow \it or \sl in subscripts. Proceed,
and I'll try to forget that I needed that character.

./main.tex:36: \scriptfont 10 is undefined (character 2).
l.36 ...}{2} \omega u^2) PG(\omega| 1,0) d\omega $
                                                  
Somewhere in the math formula just ended, you used the
stated character from an undefined font family. For example,
plain TeX doesn't allow \it or \sl in subscripts. Proceed,
and I'll try to forget that I needed that character.

./main.tex:36: \textfont 12 is undefined (character u).
l.36 ...}{2} \omega u^2) PG(\omega| 1,0) d\omega $
                                                  
Somewhere in the math formula just ended, you used the
stated character from an undefined font family. For example,
plain TeX doesn't allow \it or \sl in subscripts. Proceed,
and I'll try to forget that I needed that character.

./main.tex:36: \scriptfont 10 is undefined (character 2).
l.36 ...}{2} \omega u^2) PG(\omega| 1,0) d\omega $
                                                  
Somewhere in the math formula just ended, you used the
stated character from an undefined font family. For example,
plain TeX doesn't allow \it or \sl in subscripts. Proceed,
and I'll try to forget that I needed that character.

./main.tex:36: \textfont 12 is undefined (character P).
l.36 ...}{2} \omega u^2) PG(\omega| 1,0) d\omega $
                                                  
Somewhere in the math formula just ended, you used the
stated character from an undefined font family. For example,
plain TeX doesn't allow \it or \sl in subscripts. Proceed,
and I'll try to forget that I needed that character.

./main.tex:36: \textfont 12 is undefined (character G).
l.36 ...}{2} \omega u^2) PG(\omega| 1,0) d\omega $
                                                  
Somewhere in the math formula just ended, you used the
stated character from an undefined font family. For example,
plain TeX doesn't allow \it or \sl in subscripts. Proceed,
and I'll try to forget that I needed that character.

./main.tex:36: \textfont 10 is undefined (character 1).
l.36 ...}{2} \omega u^2) PG(\omega| 1,0) d\omega $
                                                  
Somewhere in the math formula just ended, you used the
stated character from an undefined font family. For example,
plain TeX doesn't allow \it or \sl in subscripts. Proceed,
and I'll try to forget that I needed that character.

./main.tex:36: \textfont 10 is undefined (character 0).
l.36 ...}{2} \omega u^2) PG(\omega| 1,0) d\omega $
                                                  
Somewhere in the math formula just ended, you used the
stated character from an undefined font family. For example,
plain TeX doesn't allow \it or \sl in subscripts. Proceed,
and I'll try to forget that I needed that character.

./main.tex:36: \textfont 12 is undefined (character d).
l.36 ...}{2} \omega u^2) PG(\omega| 1,0) d\omega $
                                                  
Somewhere in the math formula just ended, you used the
stated character from an undefined font family. For example,
plain TeX doesn't allow \it or \sl in subscripts. Proceed,
and I'll try to forget that I needed that character.

Missing character: There is no 2 ("32) in font nullfont!
Missing character: There is no . ("2E) in font nullfont!
./main.tex:38: \textfont 13 is undefined (character e).
l.38   \propto PG(\omega\mid 1,c)$
                                  %
Somewhere in the math formula just ended, you used the
stated character from an undefined font family. For example,
plain TeX doesn't allow \it or \sl in subscripts. Proceed,
and I'll try to forget that I needed that character.

./main.tex:38: \textfont 13 is undefined (character x).
l.38   \propto PG(\omega\mid 1,c)$
                                  %
Somewhere in the math formula just ended, you used the
stated character from an undefined font family. For example,
plain TeX doesn't allow \it or \sl in subscripts. Proceed,
and I'll try to forget that I needed that character.

./main.tex:38: \textfont 13 is undefined (character p).
l.38   \propto PG(\omega\mid 1,c)$
                                  %
Somewhere in the math formula just ended, you used the
stated character from an undefined font family. For example,
plain TeX doesn't allow \it or \sl in subscripts. Proceed,
and I'll try to forget that I needed that character.

./main.tex:38: \scriptfont 10 is undefined (character 1).
l.38   \propto PG(\omega\mid 1,c)$
                                  %
Somewhere in the math formula just ended, you used the
stated character from an undefined font family. For example,
plain TeX doesn't allow \it or \sl in subscripts. Proceed,
and I'll try to forget that I needed that character.

./main.tex:38: \scriptfont 10 is undefined (character 2).
l.38   \propto PG(\omega\mid 1,c)$
                                  %
Somewhere in the math formula just ended, you used the
stated character from an undefined font family. For example,
plain TeX doesn't allow \it or \sl in subscripts. Proceed,
and I'll try to forget that I needed that character.

./main.tex:38: \textfont 12 is undefined (character c).
l.38   \propto PG(\omega\mid 1,c)$
                                  %
Somewhere in the math formula just ended, you used the
stated character from an undefined font family. For example,
plain TeX doesn't allow \it or \sl in subscripts. Proceed,
and I'll try to forget that I needed that character.

./main.tex:38: \scriptfont 10 is undefined (character 2).
l.38   \propto PG(\omega\mid 1,c)$
                                  %
Somewhere in the math formula just ended, you used the
stated character from an undefined font family. For example,
plain TeX doesn't allow \it or \sl in subscripts. Proceed,
and I'll try to forget that I needed that character.

./main.tex:38: \textfont 12 is undefined (character P).
l.38   \propto PG(\omega\mid 1,c)$
                                  %
Somewhere in the math formula just ended, you used the
stated character from an undefined font family. For example,
plain TeX doesn't allow \it or \sl in subscripts. Proceed,
and I'll try to forget that I needed that character.

./main.tex:38: \textfont 12 is undefined (character G).
l.38   \propto PG(\omega\mid 1,c)$
                                  %
Somewhere in the math formula just ended, you used the
stated character from an undefined font family. For example,
plain TeX doesn't allow \it or \sl in subscripts. Proceed,
and I'll try to forget that I needed that character.

./main.tex:38: \textfont 10 is undefined (character 1).
l.38   \propto PG(\omega\mid 1,c)$
                                  %
Somewhere in the math formula just ended, you used the
stated character from an undefined font family. For example,
plain TeX doesn't allow \it or \sl in subscripts. Proceed,
and I'll try to forget that I needed that character.

./main.tex:38: \textfont 10 is undefined (character 0).
l.38   \propto PG(\omega\mid 1,c)$
                                  %
Somewhere in the math formula just ended, you used the
stated character from an undefined font family. For example,
plain TeX doesn't allow \it or \sl in subscripts. Proceed,
and I'll try to forget that I needed that character.

./main.tex:38: \textfont 12 is undefined (character P).
l.38   \propto PG(\omega\mid 1,c)$
                                  %
Somewhere in the math formula just ended, you used the
stated character from an undefined font family. For example,
plain TeX doesn't allow \it or \sl in subscripts. Proceed,
and I'll try to forget that I needed that character.

./main.tex:38: \textfont 12 is undefined (character G).
l.38   \propto PG(\omega\mid 1,c)$
                                  %
Somewhere in the math formula just ended, you used the
stated character from an undefined font family. For example,
plain TeX doesn't allow \it or \sl in subscripts. Proceed,
and I'll try to forget that I needed that character.

./main.tex:38: \textfont 10 is undefined (character 1).
l.38   \propto PG(\omega\mid 1,c)$
                                  %
Somewhere in the math formula just ended, you used the
stated character from an undefined font family. For example,
plain TeX doesn't allow \it or \sl in subscripts. Proceed,
and I'll try to forget that I needed that character.

./main.tex:38: \textfont 12 is undefined (character c).
l.38   \propto PG(\omega\mid 1,c)$
                                  %
Somewhere in the math formula just ended, you used the
stated character from an undefined font family. For example,
plain TeX doesn't allow \it or \sl in subscripts. Proceed,
and I'll try to forget that I needed that character.

./main.tex:54: \textfont 12 is undefined (character p).
<template> }$
             }\ifmeasuring@ \savefieldlength@ \fi \set@field \endtemplate 
l.54 \end{align}
                
Somewhere in the math formula just ended, you used the
stated character from an undefined font family. For example,
plain TeX doesn't allow \it or \sl in subscripts. Proceed,
and I'll try to forget that I needed that character.

./main.tex:54: \textfont 12 is undefined (character y).
<template> }$
             }\ifmeasuring@ \savefieldlength@ \fi \set@field \endtemplate 
l.54 \end{align}
                
Somewhere in the math formula just ended, you used the
stated character from an undefined font family. For example,
plain TeX doesn't allow \it or \sl in subscripts. Proceed,
and I'll try to forget that I needed that character.

./main.tex:54: \textfont 12 is undefined (character f).
<template> }$
             }\ifmeasuring@ \savefieldlength@ \fi \set@field \endtemplate 
l.54 \end{align}
                
Somewhere in the math formula just ended, you used the
stated character from an undefined font family. For example,
plain TeX doesn't allow \it or \sl in subscripts. Proceed,
and I'll try to forget that I needed that character.

./main.tex:54: \textfont 12 is undefined (character p).
<template> }$
             }\ifmeasuring@ \savefieldlength@ \fi \set@field \hfil \endtempl...
l.54 \end{align}
                
Somewhere in the math formula just ended, you used the
stated character from an undefined font family. For example,
plain TeX doesn't allow \it or \sl in subscripts. Proceed,
and I'll try to forget that I needed that character.

./main.tex:54: \textfont 12 is undefined (character f).
<template> }$
             }\ifmeasuring@ \savefieldlength@ \fi \set@field \hfil \endtempl...
l.54 \end{align}
                
Somewhere in the math formula just ended, you used the
stated character from an undefined font family. For example,
plain TeX doesn't allow \it or \sl in subscripts. Proceed,
and I'll try to forget that I needed that character.

./main.tex:54: \scriptfont 12 is undefined (character n).
<template> }$
             }\ifmeasuring@ \savefieldlength@ \fi \set@field \hfil \endtempl...
l.54 \end{align}
                
Somewhere in the math formula just ended, you used the
stated character from an undefined font family. For example,
plain TeX doesn't allow \it or \sl in subscripts. Proceed,
and I'll try to forget that I needed that character.

./main.tex:54: \scriptfont 12 is undefined (character i).
<template> }$
             }\ifmeasuring@ \savefieldlength@ \fi \set@field \hfil \endtempl...
l.54 \end{align}
                
Somewhere in the math formula just ended, you used the
stated character from an undefined font family. For example,
plain TeX doesn't allow \it or \sl in subscripts. Proceed,
and I'll try to forget that I needed that character.

./main.tex:54: \scriptfont 10 is undefined (character 1).
<template> }$
             }\ifmeasuring@ \savefieldlength@ \fi \set@field \hfil \endtempl...
l.54 \end{align}
                
Somewhere in the math formula just ended, you used the
stated character from an undefined font family. For example,
plain TeX doesn't allow \it or \sl in subscripts. Proceed,
and I'll try to forget that I needed that character.

./main.tex:54: \textfont 10 is undefined (character 1).
<template> }$
             }\ifmeasuring@ \savefieldlength@ \fi \set@field \hfil \endtempl...
l.54 \end{align}
                
Somewhere in the math formula just ended, you used the
stated character from an undefined font family. For example,
plain TeX doesn't allow \it or \sl in subscripts. Proceed,
and I'll try to forget that I needed that character.

./main.tex:54: \textfont 10 is undefined (character 2).
<template> }$
             }\ifmeasuring@ \savefieldlength@ \fi \set@field \hfil \endtempl...
l.54 \end{align}
                
Somewhere in the math formula just ended, you used the
stated character from an undefined font family. For example,
plain TeX doesn't allow \it or \sl in subscripts. Proceed,
and I'll try to forget that I needed that character.

./main.tex:54: \textfont 13 is undefined (character e).
<template> }$
             }\ifmeasuring@ \savefieldlength@ \fi \set@field \hfil \endtempl...
l.54 \end{align}
                
Somewhere in the math formula just ended, you used the
stated character from an undefined font family. For example,
plain TeX doesn't allow \it or \sl in subscripts. Proceed,
and I'll try to forget that I needed that character.

./main.tex:54: \textfont 13 is undefined (character x).
<template> }$
             }\ifmeasuring@ \savefieldlength@ \fi \set@field \hfil \endtempl...
l.54 \end{align}
                
Somewhere in the math formula just ended, you used the
stated character from an undefined font family. For example,
plain TeX doesn't allow \it or \sl in subscripts. Proceed,
and I'll try to forget that I needed that character.

./main.tex:54: \textfont 13 is undefined (character p).
<template> }$
             }\ifmeasuring@ \savefieldlength@ \fi \set@field \hfil \endtempl...
l.54 \end{align}
                
Somewhere in the math formula just ended, you used the
stated character from an undefined font family. For example,
plain TeX doesn't allow \it or \sl in subscripts. Proceed,
and I'll try to forget that I needed that character.

./main.tex:54: \textfont 12 is undefined (character y).
<template> }$
             }\ifmeasuring@ \savefieldlength@ \fi \set@field \hfil \endtempl...
l.54 \end{align}
                
Somewhere in the math formula just ended, you used the
stated character from an undefined font family. For example,
plain TeX doesn't allow \it or \sl in subscripts. Proceed,
and I'll try to forget that I needed that character.

./main.tex:54: \scriptfont 12 is undefined (character i).
<template> }$
             }\ifmeasuring@ \savefieldlength@ \fi \set@field \hfil \endtempl...
l.54 \end{align}
                
Somewhere in the math formula just ended, you used the
stated character from an undefined font family. For example,
plain TeX doesn't allow \it or \sl in subscripts. Proceed,
and I'll try to forget that I needed that character.

./main.tex:54: \textfont 10 is undefined (character 1).
<template> }$
             }\ifmeasuring@ \savefieldlength@ \fi \set@field \hfil \endtempl...
l.54 \end{align}
                
Somewhere in the math formula just ended, you used the
stated character from an undefined font family. For example,
plain TeX doesn't allow \it or \sl in subscripts. Proceed,
and I'll try to forget that I needed that character.

./main.tex:54: \textfont 10 is undefined (character 2).
<template> }$
             }\ifmeasuring@ \savefieldlength@ \fi \set@field \hfil \endtempl...
l.54 \end{align}
                
Somewhere in the math formula just ended, you used the
stated character from an undefined font family. For example,
plain TeX doesn't allow \it or \sl in subscripts. Proceed,
and I'll try to forget that I needed that character.

./main.tex:54: \textfont 12 is undefined (character f).
<template> }$
             }\ifmeasuring@ \savefieldlength@ \fi \set@field \hfil \endtempl...
l.54 \end{align}
                
Somewhere in the math formula just ended, you used the
stated character from an undefined font family. For example,
plain TeX doesn't allow \it or \sl in subscripts. Proceed,
and I'll try to forget that I needed that character.

./main.tex:54: \textfont 12 is undefined (character x).
<template> }$
             }\ifmeasuring@ \savefieldlength@ \fi \set@field \hfil \endtempl...
l.54 \end{align}
                
Somewhere in the math formula just ended, you used the
stated character from an undefined font family. For example,
plain TeX doesn't allow \it or \sl in subscripts. Proceed,
and I'll try to forget that I needed that character.

./main.tex:54: \scriptfont 12 is undefined (character i).
<template> }$
             }\ifmeasuring@ \savefieldlength@ \fi \set@field \hfil \endtempl...
l.54 \end{align}
                
Somewhere in the math formula just ended, you used the
stated character from an undefined font family. For example,
plain TeX doesn't allow \it or \sl in subscripts. Proceed,
and I'll try to forget that I needed that character.

./main.tex:54: \textfont 13 is undefined (character e).
<template> }$
             }\ifmeasuring@ \savefieldlength@ \fi \set@field \hfil \endtempl...
l.54 \end{align}
                
Somewhere in the math formula just ended, you used the
stated character from an undefined font family. For example,
plain TeX doesn't allow \it or \sl in subscripts. Proceed,
and I'll try to forget that I needed that character.

./main.tex:54: \textfont 13 is undefined (character x).
<template> }$
             }\ifmeasuring@ \savefieldlength@ \fi \set@field \hfil \endtempl...
l.54 \end{align}
                
Somewhere in the math formula just ended, you used the
stated character from an undefined font family. For example,
plain TeX doesn't allow \it or \sl in subscripts. Proceed,
and I'll try to forget that I needed that character.

./main.tex:54: \textfont 13 is undefined (character p).
<template> }$
             }\ifmeasuring@ \savefieldlength@ \fi \set@field \hfil \endtempl...
l.54 \end{align}
                
Somewhere in the math formula just ended, you used the
stated character from an undefined font family. For example,
plain TeX doesn't allow \it or \sl in subscripts. Proceed,
and I'll try to forget that I needed that character.

./main.tex:54: \scriptfont 10 is undefined (character 1).
<template> }$
             }\ifmeasuring@ \savefieldlength@ \fi \set@field \hfil \endtempl...
l.54 \end{align}
                
Somewhere in the math formula just ended, you used the
stated character from an undefined font family. For example,
plain TeX doesn't allow \it or \sl in subscripts. Proceed,
and I'll try to forget that I needed that character.

./main.tex:54: \scriptfont 10 is undefined (character 2).
<template> }$
             }\ifmeasuring@ \savefieldlength@ \fi \set@field \hfil \endtempl...
l.54 \end{align}
                
Somewhere in the math formula just ended, you used the
stated character from an undefined font family. For example,
plain TeX doesn't allow \it or \sl in subscripts. Proceed,
and I'll try to forget that I needed that character.

./main.tex:54: \scriptfont 12 is undefined (character i).
<template> }$
             }\ifmeasuring@ \savefieldlength@ \fi \set@field \hfil \endtempl...
l.54 \end{align}
                
Somewhere in the math formula just ended, you used the
stated character from an undefined font family. For example,
plain TeX doesn't allow \it or \sl in subscripts. Proceed,
and I'll try to forget that I needed that character.

./main.tex:54: \textfont 12 is undefined (character f).
<template> }$
             }\ifmeasuring@ \savefieldlength@ \fi \set@field \hfil \endtempl...
l.54 \end{align}
                
Somewhere in the math formula just ended, you used the
stated character from an undefined font family. For example,
plain TeX doesn't allow \it or \sl in subscripts. Proceed,
and I'll try to forget that I needed that character.

./main.tex:54: \textfont 12 is undefined (character x).
<template> }$
             }\ifmeasuring@ \savefieldlength@ \fi \set@field \hfil \endtempl...
l.54 \end{align}
                
Somewhere in the math formula just ended, you used the
stated character from an undefined font family. For example,
plain TeX doesn't allow \it or \sl in subscripts. Proceed,
and I'll try to forget that I needed that character.

./main.tex:54: \scriptfont 12 is undefined (character i).
<template> }$
             }\ifmeasuring@ \savefieldlength@ \fi \set@field \hfil \endtempl...
l.54 \end{align}
                
Somewhere in the math formula just ended, you used the
stated character from an undefined font family. For example,
plain TeX doesn't allow \it or \sl in subscripts. Proceed,
and I'll try to forget that I needed that character.

./main.tex:54: \scriptfont 10 is undefined (character 2).
<template> }$
             }\ifmeasuring@ \savefieldlength@ \fi \set@field \hfil \endtempl...
l.54 \end{align}
                
Somewhere in the math formula just ended, you used the
stated character from an undefined font family. For example,
plain TeX doesn't allow \it or \sl in subscripts. Proceed,
and I'll try to forget that I needed that character.

./main.tex:54: \textfont 12 is undefined (character P).
<template> }$
             }\ifmeasuring@ \savefieldlength@ \fi \set@field \hfil \endtempl...
l.54 \end{align}
                
Somewhere in the math formula just ended, you used the
stated character from an undefined font family. For example,
plain TeX doesn't allow \it or \sl in subscripts. Proceed,
and I'll try to forget that I needed that character.

./main.tex:54: \textfont 12 is undefined (character G).
<template> }$
             }\ifmeasuring@ \savefieldlength@ \fi \set@field \hfil \endtempl...
l.54 \end{align}
                
Somewhere in the math formula just ended, you used the
stated character from an undefined font family. For example,
plain TeX doesn't allow \it or \sl in subscripts. Proceed,
and I'll try to forget that I needed that character.

./main.tex:54: \scriptfont 12 is undefined (character i).
<template> }$
             }\ifmeasuring@ \savefieldlength@ \fi \set@field \hfil \endtempl...
l.54 \end{align}
                
Somewhere in the math formula just ended, you used the
stated character from an undefined font family. For example,
plain TeX doesn't allow \it or \sl in subscripts. Proceed,
and I'll try to forget that I needed that character.

./main.tex:54: \textfont 10 is undefined (character 1).
<template> }$
             }\ifmeasuring@ \savefieldlength@ \fi \set@field \hfil \endtempl...
l.54 \end{align}
                
Somewhere in the math formula just ended, you used the
stated character from an undefined font family. For example,
plain TeX doesn't allow \it or \sl in subscripts. Proceed,
and I'll try to forget that I needed that character.

./main.tex:54: \textfont 10 is undefined (character 0).
<template> }$
             }\ifmeasuring@ \savefieldlength@ \fi \set@field \hfil \endtempl...
l.54 \end{align}
                
Somewhere in the math formula just ended, you used the
stated character from an undefined font family. For example,
plain TeX doesn't allow \it or \sl in subscripts. Proceed,
and I'll try to forget that I needed that character.

./main.tex:54: \textfont 12 is undefined (character d).
<template> }$
             }\ifmeasuring@ \savefieldlength@ \fi \set@field \hfil \endtempl...
l.54 \end{align}
                
Somewhere in the math formula just ended, you used the
stated character from an undefined font family. For example,
plain TeX doesn't allow \it or \sl in subscripts. Proceed,
and I'll try to forget that I needed that character.

./main.tex:54: \scriptfont 12 is undefined (character i).
<template> }$
             }\ifmeasuring@ \savefieldlength@ \fi \set@field \hfil \endtempl...
l.54 \end{align}
                
Somewhere in the math formula just ended, you used the
stated character from an undefined font family. For example,
plain TeX doesn't allow \it or \sl in subscripts. Proceed,
and I'll try to forget that I needed that character.

Missing character: There is no ( ("28) in font nullfont!
Missing character: There is no 1 ("31) in font nullfont!
Missing character: There is no ) ("29) in font nullfont!
./main.tex:54: \textfont 12 is undefined (character p).
<template> }$
             }\ifmeasuring@ \savefieldlength@ \fi \set@field \hfil \endtempl...
l.54 \end{align}
                
Somewhere in the math formula just ended, you used the
stated character from an undefined font family. For example,
plain TeX doesn't allow \it or \sl in subscripts. Proceed,
and I'll try to forget that I needed that character.

./main.tex:54: \textfont 12 is undefined (character f).
<template> }$
             }\ifmeasuring@ \savefieldlength@ \fi \set@field \hfil \endtempl...
l.54 \end{align}
                
Somewhere in the math formula just ended, you used the
stated character from an undefined font family. For example,
plain TeX doesn't allow \it or \sl in subscripts. Proceed,
and I'll try to forget that I needed that character.

./main.tex:54: \textfont 12 is undefined (character y).
<template> }$
             }\ifmeasuring@ \savefieldlength@ \fi \set@field \hfil \endtempl...
l.54 \end{align}
                
Somewhere in the math formula just ended, you used the
stated character from an undefined font family. For example,
plain TeX doesn't allow \it or \sl in subscripts. Proceed,
and I'll try to forget that I needed that character.

./main.tex:54: \textfont 12 is undefined (character p).
<template> }$
             }\ifmeasuring@ \savefieldlength@ \fi \set@field \hfil \endtempl...
l.54 \end{align}
                
Somewhere in the math formula just ended, you used the
stated character from an undefined font family. For example,
plain TeX doesn't allow \it or \sl in subscripts. Proceed,
and I'll try to forget that I needed that character.

./main.tex:54: \textfont 12 is undefined (character f).
<template> }$
             }\ifmeasuring@ \savefieldlength@ \fi \set@field \hfil \endtempl...
l.54 \end{align}
                
Somewhere in the math formula just ended, you used the
stated character from an undefined font family. For example,
plain TeX doesn't allow \it or \sl in subscripts. Proceed,
and I'll try to forget that I needed that character.

./main.tex:54: \scriptfont 12 is undefined (character n).
<template> }$
             }\ifmeasuring@ \savefieldlength@ \fi \set@field \hfil \endtempl...
l.54 \end{align}
                
Somewhere in the math formula just ended, you used the
stated character from an undefined font family. For example,
plain TeX doesn't allow \it or \sl in subscripts. Proceed,
and I'll try to forget that I needed that character.

./main.tex:54: \scriptfont 12 is undefined (character i).
<template> }$
             }\ifmeasuring@ \savefieldlength@ \fi \set@field \hfil \endtempl...
l.54 \end{align}
                
Somewhere in the math formula just ended, you used the
stated character from an undefined font family. For example,
plain TeX doesn't allow \it or \sl in subscripts. Proceed,
and I'll try to forget that I needed that character.

./main.tex:54: \scriptfont 10 is undefined (character 1).
<template> }$
             }\ifmeasuring@ \savefieldlength@ \fi \set@field \hfil \endtempl...
l.54 \end{align}
                
Somewhere in the math formula just ended, you used the
stated character from an undefined font family. For example,
plain TeX doesn't allow \it or \sl in subscripts. Proceed,
and I'll try to forget that I needed that character.

./main.tex:54: \textfont 13 is undefined (character e).
<template> }$
             }\ifmeasuring@ \savefieldlength@ \fi \set@field \hfil \endtempl...
l.54 \end{align}
                
Somewhere in the math formula just ended, you used the
stated character from an undefined font family. For example,
plain TeX doesn't allow \it or \sl in subscripts. Proceed,
and I'll try to forget that I needed that character.

./main.tex:54: \textfont 13 is undefined (character x).
<template> }$
             }\ifmeasuring@ \savefieldlength@ \fi \set@field \hfil \endtempl...
l.54 \end{align}
                
Somewhere in the math formula just ended, you used the
stated character from an undefined font family. For example,
plain TeX doesn't allow \it or \sl in subscripts. Proceed,
and I'll try to forget that I needed that character.

./main.tex:54: \textfont 13 is undefined (character p).
<template> }$
             }\ifmeasuring@ \savefieldlength@ \fi \set@field \hfil \endtempl...
l.54 \end{align}
                
Somewhere in the math formula just ended, you used the
stated character from an undefined font family. For example,
plain TeX doesn't allow \it or \sl in subscripts. Proceed,
and I'll try to forget that I needed that character.

./main.tex:54: \textfont 12 is undefined (character y).
<template> }$
             }\ifmeasuring@ \savefieldlength@ \fi \set@field \hfil \endtempl...
l.54 \end{align}
                
Somewhere in the math formula just ended, you used the
stated character from an undefined font family. For example,
plain TeX doesn't allow \it or \sl in subscripts. Proceed,
and I'll try to forget that I needed that character.

./main.tex:54: \scriptfont 12 is undefined (character i).
<template> }$
             }\ifmeasuring@ \savefieldlength@ \fi \set@field \hfil \endtempl...
l.54 \end{align}
                
Somewhere in the math formula just ended, you used the
stated character from an undefined font family. For example,
plain TeX doesn't allow \it or \sl in subscripts. Proceed,
and I'll try to forget that I needed that character.

./main.tex:54: \textfont 10 is undefined (character 1).
<template> }$
             }\ifmeasuring@ \savefieldlength@ \fi \set@field \hfil \endtempl...
l.54 \end{align}
                
Somewhere in the math formula just ended, you used the
stated character from an undefined font family. For example,
plain TeX doesn't allow \it or \sl in subscripts. Proceed,
and I'll try to forget that I needed that character.

./main.tex:54: \textfont 10 is undefined (character 2).
<template> }$
             }\ifmeasuring@ \savefieldlength@ \fi \set@field \hfil \endtempl...
l.54 \end{align}
                
Somewhere in the math formula just ended, you used the
stated character from an undefined font family. For example,
plain TeX doesn't allow \it or \sl in subscripts. Proceed,
and I'll try to forget that I needed that character.

./main.tex:54: \textfont 12 is undefined (character f).
<template> }$
             }\ifmeasuring@ \savefieldlength@ \fi \set@field \hfil \endtempl...
l.54 \end{align}
                
Somewhere in the math formula just ended, you used the
stated character from an undefined font family. For example,
plain TeX doesn't allow \it or \sl in subscripts. Proceed,
and I'll try to forget that I needed that character.

./main.tex:54: \textfont 12 is undefined (character x).
<template> }$
             }\ifmeasuring@ \savefieldlength@ \fi \set@field \hfil \endtempl...
l.54 \end{align}
                
Somewhere in the math formula just ended, you used the
stated character from an undefined font family. For example,
plain TeX doesn't allow \it or \sl in subscripts. Proceed,
and I'll try to forget that I needed that character.

./main.tex:54: \scriptfont 12 is undefined (character i).
<template> }$
             }\ifmeasuring@ \savefieldlength@ \fi \set@field \hfil \endtempl...
l.54 \end{align}
                
Somewhere in the math formula just ended, you used the
stated character from an undefined font family. For example,
plain TeX doesn't allow \it or \sl in subscripts. Proceed,
and I'll try to forget that I needed that character.

./main.tex:54: \textfont 13 is undefined (character e).
<template> }$
             }\ifmeasuring@ \savefieldlength@ \fi \set@field \hfil \endtempl...
l.54 \end{align}
                
Somewhere in the math formula just ended, you used the
stated character from an undefined font family. For example,
plain TeX doesn't allow \it or \sl in subscripts. Proceed,
and I'll try to forget that I needed that character.

./main.tex:54: \textfont 13 is undefined (character x).
<template> }$
             }\ifmeasuring@ \savefieldlength@ \fi \set@field \hfil \endtempl...
l.54 \end{align}
                
Somewhere in the math formula just ended, you used the
stated character from an undefined font family. For example,
plain TeX doesn't allow \it or \sl in subscripts. Proceed,
and I'll try to forget that I needed that character.

./main.tex:54: \textfont 13 is undefined (character p).
<template> }$
             }\ifmeasuring@ \savefieldlength@ \fi \set@field \hfil \endtempl...
l.54 \end{align}
                
Somewhere in the math formula just ended, you used the
stated character from an undefined font family. For example,
plain TeX doesn't allow \it or \sl in subscripts. Proceed,
and I'll try to forget that I needed that character.

./main.tex:54: \scriptfont 10 is undefined (character 1).
<template> }$
             }\ifmeasuring@ \savefieldlength@ \fi \set@field \hfil \endtempl...
l.54 \end{align}
                
Somewhere in the math formula just ended, you used the
stated character from an undefined font family. For example,
plain TeX doesn't allow \it or \sl in subscripts. Proceed,
and I'll try to forget that I needed that character.

./main.tex:54: \scriptfont 10 is undefined (character 2).
<template> }$
             }\ifmeasuring@ \savefieldlength@ \fi \set@field \hfil \endtempl...
l.54 \end{align}
                
Somewhere in the math formula just ended, you used the
stated character from an undefined font family. For example,
plain TeX doesn't allow \it or \sl in subscripts. Proceed,
and I'll try to forget that I needed that character.

./main.tex:54: \scriptfont 12 is undefined (character i).
<template> }$
             }\ifmeasuring@ \savefieldlength@ \fi \set@field \hfil \endtempl...
l.54 \end{align}
                
Somewhere in the math formula just ended, you used the
stated character from an undefined font family. For example,
plain TeX doesn't allow \it or \sl in subscripts. Proceed,
and I'll try to forget that I needed that character.

./main.tex:54: \textfont 12 is undefined (character f).
<template> }$
             }\ifmeasuring@ \savefieldlength@ \fi \set@field \hfil \endtempl...
l.54 \end{align}
                
Somewhere in the math formula just ended, you used the
stated character from an undefined font family. For example,
plain TeX doesn't allow \it or \sl in subscripts. Proceed,
and I'll try to forget that I needed that character.

./main.tex:54: \textfont 12 is undefined (character x).
<template> }$
             }\ifmeasuring@ \savefieldlength@ \fi \set@field \hfil \endtempl...
l.54 \end{align}
                
Somewhere in the math formula just ended, you used the
stated character from an undefined font family. For example,
plain TeX doesn't allow \it or \sl in subscripts. Proceed,
and I'll try to forget that I needed that character.

./main.tex:54: \scriptfont 12 is undefined (character i).
<template> }$
             }\ifmeasuring@ \savefieldlength@ \fi \set@field \hfil \endtempl...
l.54 \end{align}
                
Somewhere in the math formula just ended, you used the
stated character from an undefined font family. For example,
plain TeX doesn't allow \it or \sl in subscripts. Proceed,
and I'll try to forget that I needed that character.

./main.tex:54: \scriptfont 10 is undefined (character 2).
<template> }$
             }\ifmeasuring@ \savefieldlength@ \fi \set@field \hfil \endtempl...
l.54 \end{align}
                
Somewhere in the math formula just ended, you used the
stated character from an undefined font family. For example,
plain TeX doesn't allow \it or \sl in subscripts. Proceed,
and I'll try to forget that I needed that character.

./main.tex:54: \textfont 12 is undefined (character P).
<template> }$
             }\ifmeasuring@ \savefieldlength@ \fi \set@field \hfil \endtempl...
l.54 \end{align}
                
Somewhere in the math formula just ended, you used the
stated character from an undefined font family. For example,
plain TeX doesn't allow \it or \sl in subscripts. Proceed,
and I'll try to forget that I needed that character.

./main.tex:54: \textfont 12 is undefined (character G).
<template> }$
             }\ifmeasuring@ \savefieldlength@ \fi \set@field \hfil \endtempl...
l.54 \end{align}
                
Somewhere in the math formula just ended, you used the
stated character from an undefined font family. For example,
plain TeX doesn't allow \it or \sl in subscripts. Proceed,
and I'll try to forget that I needed that character.

./main.tex:54: \scriptfont 12 is undefined (character i).
<template> }$
             }\ifmeasuring@ \savefieldlength@ \fi \set@field \hfil \endtempl...
l.54 \end{align}
                
Somewhere in the math formula just ended, you used the
stated character from an undefined font family. For example,
plain TeX doesn't allow \it or \sl in subscripts. Proceed,
and I'll try to forget that I needed that character.

./main.tex:54: \textfont 10 is undefined (character 1).
<template> }$
             }\ifmeasuring@ \savefieldlength@ \fi \set@field \hfil \endtempl...
l.54 \end{align}
                
Somewhere in the math formula just ended, you used the
stated character from an undefined font family. For example,
plain TeX doesn't allow \it or \sl in subscripts. Proceed,
and I'll try to forget that I needed that character.

./main.tex:54: \textfont 10 is undefined (character 0).
<template> }$
             }\ifmeasuring@ \savefieldlength@ \fi \set@field \hfil \endtempl...
l.54 \end{align}
                
Somewhere in the math formula just ended, you used the
stated character from an undefined font family. For example,
plain TeX doesn't allow \it or \sl in subscripts. Proceed,
and I'll try to forget that I needed that character.

Missing character: There is no ( ("28) in font nullfont!
Missing character: There is no 2 ("32) in font nullfont!
Missing character: There is no ) ("29) in font nullfont!
./main.tex:54: \textfont 12 is undefined (character p).
<template> }$
             }\ifmeasuring@ \savefieldlength@ \fi \set@field \endtemplate 
l.54 \end{align}
                
Somewhere in the math formula just ended, you used the
stated character from an undefined font family. For example,
plain TeX doesn't allow \it or \sl in subscripts. Proceed,
and I'll try to forget that I needed that character.

./main.tex:54: \textfont 12 is undefined (character y).
<template> }$
             }\ifmeasuring@ \savefieldlength@ \fi \set@field \endtemplate 
l.54 \end{align}
                
Somewhere in the math formula just ended, you used the
stated character from an undefined font family. For example,
plain TeX doesn't allow \it or \sl in subscripts. Proceed,
and I'll try to forget that I needed that character.

./main.tex:54: \textfont 12 is undefined (character f).
<template> }$
             }\ifmeasuring@ \savefieldlength@ \fi \set@field \endtemplate 
l.54 \end{align}
                
Somewhere in the math formula just ended, you used the
stated character from an undefined font family. For example,
plain TeX doesn't allow \it or \sl in subscripts. Proceed,
and I'll try to forget that I needed that character.

./main.tex:54: \textfont 12 is undefined (character p).
<template> }$
             }\ifmeasuring@ \savefieldlength@ \fi \set@field \hfil \endtempl...
l.54 \end{align}
                
Somewhere in the math formula just ended, you used the
stated character from an undefined font family. For example,
plain TeX doesn't allow \it or \sl in subscripts. Proceed,
and I'll try to forget that I needed that character.

./main.tex:54: \textfont 12 is undefined (character f).
<template> }$
             }\ifmeasuring@ \savefieldlength@ \fi \set@field \hfil \endtempl...
l.54 \end{align}
                
Somewhere in the math formula just ended, you used the
stated character from an undefined font family. For example,
plain TeX doesn't allow \it or \sl in subscripts. Proceed,
and I'll try to forget that I needed that character.

./main.tex:54: \scriptfont 12 is undefined (character n).
<template> }$
             }\ifmeasuring@ \savefieldlength@ \fi \set@field \hfil \endtempl...
l.54 \end{align}
                
Somewhere in the math formula just ended, you used the
stated character from an undefined font family. For example,
plain TeX doesn't allow \it or \sl in subscripts. Proceed,
and I'll try to forget that I needed that character.

./main.tex:54: \scriptfont 12 is undefined (character i).
<template> }$
             }\ifmeasuring@ \savefieldlength@ \fi \set@field \hfil \endtempl...
l.54 \end{align}
                
Somewhere in the math formula just ended, you used the
stated character from an undefined font family. For example,
plain TeX doesn't allow \it or \sl in subscripts. Proceed,
and I'll try to forget that I needed that character.

./main.tex:54: \scriptfont 10 is undefined (character 1).
<template> }$
             }\ifmeasuring@ \savefieldlength@ \fi \set@field \hfil \endtempl...
l.54 \end{align}
                
Somewhere in the math formula just ended, you used the
stated character from an undefined font family. For example,
plain TeX doesn't allow \it or \sl in subscripts. Proceed,
and I'll try to forget that I needed that character.

./main.tex:54: \textfont 10 is undefined (character 1).
<template> }$
             }\ifmeasuring@ \savefieldlength@ \fi \set@field \hfil \endtempl...
l.54 \end{align}
                
Somewhere in the math formula just ended, you used the
stated character from an undefined font family. For example,
plain TeX doesn't allow \it or \sl in subscripts. Proceed,
and I'll try to forget that I needed that character.

./main.tex:54: \textfont 10 is undefined (character 2).
<template> }$
             }\ifmeasuring@ \savefieldlength@ \fi \set@field \hfil \endtempl...
l.54 \end{align}
                
Somewhere in the math formula just ended, you used the
stated character from an undefined font family. For example,
plain TeX doesn't allow \it or \sl in subscripts. Proceed,
and I'll try to forget that I needed that character.

./main.tex:54: \textfont 13 is undefined (character e).
<template> }$
             }\ifmeasuring@ \savefieldlength@ \fi \set@field \hfil \endtempl...
l.54 \end{align}
                
Somewhere in the math formula just ended, you used the
stated character from an undefined font family. For example,
plain TeX doesn't allow \it or \sl in subscripts. Proceed,
and I'll try to forget that I needed that character.

./main.tex:54: \textfont 13 is undefined (character x).
<template> }$
             }\ifmeasuring@ \savefieldlength@ \fi \set@field \hfil \endtempl...
l.54 \end{align}
                
Somewhere in the math formula just ended, you used the
stated character from an undefined font family. For example,
plain TeX doesn't allow \it or \sl in subscripts. Proceed,
and I'll try to forget that I needed that character.

./main.tex:54: \textfont 13 is undefined (character p).
<template> }$
             }\ifmeasuring@ \savefieldlength@ \fi \set@field \hfil \endtempl...
l.54 \end{align}
                
Somewhere in the math formula just ended, you used the
stated character from an undefined font family. For example,
plain TeX doesn't allow \it or \sl in subscripts. Proceed,
and I'll try to forget that I needed that character.

./main.tex:54: \textfont 12 is undefined (character y).
<template> }$
             }\ifmeasuring@ \savefieldlength@ \fi \set@field \hfil \endtempl...
l.54 \end{align}
                
Somewhere in the math formula just ended, you used the
stated character from an undefined font family. For example,
plain TeX doesn't allow \it or \sl in subscripts. Proceed,
and I'll try to forget that I needed that character.

./main.tex:54: \scriptfont 12 is undefined (character i).
<template> }$
             }\ifmeasuring@ \savefieldlength@ \fi \set@field \hfil \endtempl...
l.54 \end{align}
                
Somewhere in the math formula just ended, you used the
stated character from an undefined font family. For example,
plain TeX doesn't allow \it or \sl in subscripts. Proceed,
and I'll try to forget that I needed that character.

./main.tex:54: \textfont 10 is undefined (character 1).
<template> }$
             }\ifmeasuring@ \savefieldlength@ \fi \set@field \hfil \endtempl...
l.54 \end{align}
                
Somewhere in the math formula just ended, you used the
stated character from an undefined font family. For example,
plain TeX doesn't allow \it or \sl in subscripts. Proceed,
and I'll try to forget that I needed that character.

./main.tex:54: \textfont 10 is undefined (character 2).
<template> }$
             }\ifmeasuring@ \savefieldlength@ \fi \set@field \hfil \endtempl...
l.54 \end{align}
                
Somewhere in the math formula just ended, you used the
stated character from an undefined font family. For example,
plain TeX doesn't allow \it or \sl in subscripts. Proceed,
and I'll try to forget that I needed that character.

./main.tex:54: \textfont 12 is undefined (character f).
<template> }$
             }\ifmeasuring@ \savefieldlength@ \fi \set@field \hfil \endtempl...
l.54 \end{align}
                
Somewhere in the math formula just ended, you used the
stated character from an undefined font family. For example,
plain TeX doesn't allow \it or \sl in subscripts. Proceed,
and I'll try to forget that I needed that character.

./main.tex:54: \textfont 12 is undefined (character x).
<template> }$
             }\ifmeasuring@ \savefieldlength@ \fi \set@field \hfil \endtempl...
l.54 \end{align}
                
Somewhere in the math formula just ended, you used the
stated character from an undefined font family. For example,
plain TeX doesn't allow \it or \sl in subscripts. Proceed,
and I'll try to forget that I needed that character.

./main.tex:54: \scriptfont 12 is undefined (character i).
<template> }$
             }\ifmeasuring@ \savefieldlength@ \fi \set@field \hfil \endtempl...
l.54 \end{align}
                
Somewhere in the math formula just ended, you used the
stated character from an undefined font family. For example,
plain TeX doesn't allow \it or \sl in subscripts. Proceed,
and I'll try to forget that I needed that character.

./main.tex:54: \textfont 13 is undefined (character e).
<template> }$
             }\ifmeasuring@ \savefieldlength@ \fi \set@field \hfil \endtempl...
l.54 \end{align}
                
Somewhere in the math formula just ended, you used the
stated character from an undefined font family. For example,
plain TeX doesn't allow \it or \sl in subscripts. Proceed,
and I'll try to forget that I needed that character.

./main.tex:54: \textfont 13 is undefined (character x).
<template> }$
             }\ifmeasuring@ \savefieldlength@ \fi \set@field \hfil \endtempl...
l.54 \end{align}
                
Somewhere in the math formula just ended, you used the
stated character from an undefined font family. For example,
plain TeX doesn't allow \it or \sl in subscripts. Proceed,
and I'll try to forget that I needed that character.

./main.tex:54: \textfont 13 is undefined (character p).
<template> }$
             }\ifmeasuring@ \savefieldlength@ \fi \set@field \hfil \endtempl...
l.54 \end{align}
                
Somewhere in the math formula just ended, you used the
stated character from an undefined font family. For example,
plain TeX doesn't allow \it or \sl in subscripts. Proceed,
and I'll try to forget that I needed that character.

./main.tex:54: \scriptfont 10 is undefined (character 1).
<template> }$
             }\ifmeasuring@ \savefieldlength@ \fi \set@field \hfil \endtempl...
l.54 \end{align}
                
Somewhere in the math formula just ended, you used the
stated character from an undefined font family. For example,
plain TeX doesn't allow \it or \sl in subscripts. Proceed,
and I'll try to forget that I needed that character.

./main.tex:54: \scriptfont 10 is undefined (character 2).
<template> }$
             }\ifmeasuring@ \savefieldlength@ \fi \set@field \hfil \endtempl...
l.54 \end{align}
                
Somewhere in the math formula just ended, you used the
stated character from an undefined font family. For example,
plain TeX doesn't allow \it or \sl in subscripts. Proceed,
and I'll try to forget that I needed that character.

./main.tex:54: \scriptfont 12 is undefined (character i).
<template> }$
             }\ifmeasuring@ \savefieldlength@ \fi \set@field \hfil \endtempl...
l.54 \end{align}
                
Somewhere in the math formula just ended, you used the
stated character from an undefined font family. For example,
plain TeX doesn't allow \it or \sl in subscripts. Proceed,
and I'll try to forget that I needed that character.

./main.tex:54: \textfont 12 is undefined (character f).
<template> }$
             }\ifmeasuring@ \savefieldlength@ \fi \set@field \hfil \endtempl...
l.54 \end{align}
                
Somewhere in the math formula just ended, you used the
stated character from an undefined font family. For example,
plain TeX doesn't allow \it or \sl in subscripts. Proceed,
and I'll try to forget that I needed that character.

./main.tex:54: \textfont 12 is undefined (character x).
<template> }$
             }\ifmeasuring@ \savefieldlength@ \fi \set@field \hfil \endtempl...
l.54 \end{align}
                
Somewhere in the math formula just ended, you used the
stated character from an undefined font family. For example,
plain TeX doesn't allow \it or \sl in subscripts. Proceed,
and I'll try to forget that I needed that character.

./main.tex:54: \scriptfont 12 is undefined (character i).
<template> }$
             }\ifmeasuring@ \savefieldlength@ \fi \set@field \hfil \endtempl...
l.54 \end{align}
                
Somewhere in the math formula just ended, you used the
stated character from an undefined font family. For example,
plain TeX doesn't allow \it or \sl in subscripts. Proceed,
and I'll try to forget that I needed that character.

./main.tex:54: \scriptfont 10 is undefined (character 2).
<template> }$
             }\ifmeasuring@ \savefieldlength@ \fi \set@field \hfil \endtempl...
l.54 \end{align}
                
(That makes 100 errors; please try again.) 
Here is how much of TeX's memory you used:
 38415 strings out of 474773
 760531 string characters out of 5757724
 1923839 words of memory out of 5000000
 60027 multiletter control sequences out of 15000+600000
 588854 words of font info for 76 fonts, out of 8000000 for 9000
 1348 hyphenation exceptions out of 8191
 102i,12n,145p,677b,852s stack positions out of 10000i,1000n,20000p,200000b,200000s

No pages of output.
